Time,X_inner,Y_inner,Z_inner,X_outer,Y_outer,Z_outer,X_target,Y_target,Z_target,Force
0.01,0.0,0.0,0.0,0.0,-1.1102230246251566e-17,2.2204460492503132e-17,-2.0,4.0,45.5,0.0
0.02,0.004761706252710495,1.2265684585697127e-07,0.1292185490092218,0.004761706252710497,1.226568458578825e-07,0.12921854900922178,-2.0,4.0,45.5,0.0
0.03,0.0075383993911765194,3.0718401302899814e-06,0.2594722560795678,0.007538399391176521,3.071840130242087e-06,0.2594722560795678,-2.0,4.0,45.5,0.0
0.04,0.0005704398102399609,7.060941070538117e-06,0.3753268982865081,0.0005704398102399672,7.06094107050248e-06,0.3753268982865082,-2.0,4.0,45.5,0.0
0.05,-0.014199751843331908,1.090547190946931e-05,0.47770967562001554,-0.014199751843331887,1.090547190946145e-05,0.4777096756200156,-2.0,4.0,45.5,0.0
0.060000000000000005,-0.046794563064997054,1.3904567065774077e-05,0.5583348142837508,-0.04679456306499701,1.3904567065703421e-05,0.5583348142837509,-2.0,4.0,45.5,0.0
0.07,-0.09197243356558091,1.644318815191401e-05,0.6176396498331767,-0.0919724335655808,1.6443188151826772e-05,0.6176396498331768,-2.0,4.0,45.5,0.0
0.08,-0.16686701363481501,1.406243469862938e-05,0.6187464780863088,-0.16686701361915857,1.406243418745623e-05,0.6187464780283454,-2.0,4.0,45.5,0.0
0.09,-0.20528505998428115,1.6163988715434023e-05,0.6779182977583768,-0.19688547774367632,8.833510811201428e-06,0.5861210369120048,-2.0,4.0,45.5,0.0
0.09999999999999999,-0.23757429126043098,1.6194249651956193e-05,0.7437871735092655,-0.21822287376106236,4.174624523367587e-06,0.5591970234865714,-2.0,4.0,45.5,0.0
0.10999999999999999,-0.26295440181338003,1.1509278654660572e-05,0.8141326961255022,-0.23655453978140276,4.224667928598436e-07,0.5357420353520884,-2.0,4.0,45.5,0.0
0.11999999999999998,-0.2879497771531828,-3.789053963343641e-08,0.888969968832382,-0.26649521561693623,-1.9370276130192822e-06,0.5136715938957519,-2.0,4.0,45.5,0.0
0.12999999999999998,-0.3174656487120122,-2.073162984750388e-05,0.9641533691170571,-0.32760104558891456,-2.161225220032037e-06,0.4988850913417943,-2.0,4.0,45.5,0.0
0.13999999999999999,-0.3496944266146927,-5.3429037215322905e-05,1.034848233138494,-0.4142435181441342,-6.017148023840236e-07,0.5023963019877483,-2.0,4.0,45.5,0.0
0.15,-0.38058824572508,-0.00010125623882186609,1.1014962538980808,0.0,0.0,0.0,-2.0,4.0,45.5,0.0
0.16,-0.4102084620226029,-0.00016158361239705638,1.1707430716346452,0.0,0.0,0.0,-2.0,4.0,45.5,0.0
0.17,-0.4441638978054522,-0.00023561315357169867,1.2527241481029576,0.0,0.0,0.0,-2.0,4.0,45.5,0.0
0.18000000000000002,-0.4726220837633095,-0.000313012170790335,1.3371580605633884,0.0,0.0,0.0,-2.0,4.0,45.5,0.0
0.19000000000000003,-0.4944718220122688,-0.0003895595950771792,1.4244504061664183,0.0,0.0,0.0,-2.0,4.0,45.5,0.0
0.20000000000000004,-0.5273907894137077,-0.0005095271550645086,1.5122055422680423,0.0,0.0,0.0,-2.0,4.0,45.5,0.0
0.21000000000000005,-0.5595897103163687,-0.0006466039553638349,1.6016996759998907,0.0,0.0,0.0,-2.0,4.0,45.5,0.0
0.22000000000000006,-0.591024751223998,-0.000801974022376054,1.6927924411688975,0.0,0.0,0.0,-2.0,4.0,45.5,0.0
0.23000000000000007,-0.621652513418317,-0.0009770223964906172,1.785348608677045,0.0,0.0,0.0,-2.0,4.0,45.5,0.0
0.24000000000000007,-0.6514324657196092,-0.0011733261086469843,1.8792392666534825,0.0,0.0,0.0,-2.0,4.0,45.5,0.0
0.25000000000000006,-0.68032786331546,-0.0013926434511867649,1.974342160237777,0.0,0.0,0.0,-2.0,4.0,45.5,0.0
0.26000000000000006,-0.7083062125145884,-0.001636900641038492,2.0705417773724983,0.0,0.0,0.0,-2.0,4.0,45.5,0.0
0.2700000000000001,-0.7353395259066339,-0.0019081765430159852,2.1677293216183537,0.0,0.0,0.0,-2.0,4.0,45.5,0.0
0.2800000000000001,-0.7614044465590314,-0.002208686314316648,2.265802619967946,0.0,0.0,0.0,-2.0,4.0,45.5,0.0
0.2900000000000001,-0.7864822751294075,-0.0025407647636301275,2.3646659871588356,0.0,0.0,0.0,-2.0,4.0,45.5,0.0
0.3000000000000001,-0.8105589193127807,-0.0029068500845929922,2.4642300585657804,0.0,0.0,0.0,-2.0,4.0,45.5,0.0
0.3100000000000001,-0.833624779634217,-0.0033094684750688175,2.564411599670606,0.0,0.0,0.0,-2.0,4.0,45.5,0.0
0.3200000000000001,-0.8556745831891502,-0.003751220010161842,2.6651332979745814,0.0,0.0,0.0,-2.0,4.0,45.5,0.0
0.3300000000000001,-0.8767071755667127,-0.00423476600696593,2.7663235419026933,0.0,0.0,0.0,-2.0,4.0,45.5,0.0
0.34000000000000014,-0.893459005400881,-0.004731140029547397,2.867972600261958,0.0,0.0,0.0,-2.0,4.0,45.5,0.0
0.35000000000000014,-0.91342192831869,-0.00528555700433668,2.970075143734089,0.0,0.0,0.0,-2.0,4.0,45.5,0.0
0.36000000000000015,-0.9327348001611676,-0.005872240404400966,3.072717391430664,0.0,0.0,0.0,-2.0,4.0,45.5,0.0
0.37000000000000016,-0.9514049474790035,-0.006491794834590689,3.175843809132627,0.0,0.0,0.0,-2.0,4.0,45.5,0.0
0.38000000000000017,-0.9694130954008768,-0.007145435669375923,3.279389695468061,0.0,0.0,0.0,-2.0,4.0,45.5,0.0
0.3900000000000002,-0.9867359307436304,-0.007834837465368531,3.383290251540004,0.0,0.0,0.0,-2.0,4.0,45.5,0.0
0.4000000000000002,-1.0033507051516546,-0.008562055779052703,3.4874826850508436,0.0,0.0,0.0,-2.0,4.0,45.5,0.0
0.4100000000000002,-1.0192369253349598,-0.009329458984296749,3.5919071024230487,0.0,0.0,0.0,-2.0,4.0,45.5,0.0
0.4200000000000002,-1.0343771732660738,-0.010139664177863328,3.696507019837576,0.0,0.0,0.0,-2.0,4.0,45.5,0.0
0.4300000000000002,-1.0487575396447832,-0.010995477415511613,3.8012296913898296,0.0,0.0,0.0,-2.0,4.0,45.5,0.0
0.4400000000000002,-1.0623678317053227,-0.011899839262947682,3.906026318500148,0.0,0.0,0.0,-2.0,4.0,45.5,0.0
0.45000000000000023,-1.075201627044024,-0.012855776476698668,4.010852167822455,0.0,0.0,0.0,-2.0,4.0,45.5,0.0
0.46000000000000024,-1.0872562146762403,-0.013866360272928818,4.115666613135995,0.0,0.0,0.0,-2.0,4.0,45.5,0.0
0.47000000000000025,-1.0985324520072879,-0.014934671311628745,4.220433112638467,0.0,0.0,0.0,-2.0,4.0,45.5,0.0
0.48000000000000026,-1.109034560026325,-0.016063771227781094,4.325119131548939,0.0,0.0,0.0,-2.0,4.0,45.5,0.0
0.49000000000000027,-1.1187698749741701,-0.017256680335033595,4.429696019233386,0.0,0.0,0.0,-2.0,4.0,45.5,0.0
0.5000000000000002,-1.126104717249169,-0.01848670092921719,4.534062604337131,0.0,0.0,0.0,-2.0,4.0,45.5,0.0
0.5100000000000002,-1.135030117118094,-0.01978278121799927,4.638464753744563,0.0,0.0,0.0,-2.0,4.0,45.5,0.0
0.5200000000000002,-1.1436321852013067,-0.021119879348691566,4.742960661869604,0.0,0.0,0.0,-2.0,4.0,45.5,0.0
0.5300000000000002,-1.151894856495987,-0.022498637156856773,4.8475210619297355,0.0,0.0,0.0,-2.0,4.0,45.5,0.0
0.5400000000000003,-1.1597944347410958,-0.023920631689217743,4.952113662228451,0.0,0.0,0.0,-2.0,4.0,45.5,0.0
0.5500000000000003,-1.1673064289257686,-0.025388185417532957,5.056706167957987,0.0,0.0,0.0,-2.0,4.0,45.5,0.0
0.5600000000000003,-1.1744073376994675,-0.02690422372560574,5.161267200752625,0.0,0.0,0.0,-2.0,4.0,45.5,0.0
0.5700000000000003,-1.1810755466300091,-0.028472143663701252,5.2657668350262465,0.0,0.0,0.0,-2.0,4.0,45.5,0.0
0.5800000000000003,-1.1872918896554723,-0.03009569301743095,5.370176981702707,0.0,0.0,0.0,-2.0,4.0,45.5,0.0
0.5900000000000003,-1.1930400098571476,-0.03177886136138582,5.474471673228477,0.0,0.0,0.0,-2.0,4.0,45.5,0.0
0.6000000000000003,-1.198306571723861,-0.03352578441808076,5.578627268542176,0.0,0.0,0.0,-2.0,4.0,45.5,0.0
0.6100000000000003,-1.2030813550344324,-0.03534066231823154,5.682622587975572,0.0,0.0,0.0,-2.0,4.0,45.5,0.0
0.6200000000000003,-1.2073572531388626,-0.037227691708431536,5.786438985895619,0.0,0.0,0.0,-2.0,4.0,45.5,0.0
0.6300000000000003,-1.2111301950825752,-0.03919101111884619,5.890060368530974,0.0,0.0,0.0,-2.0,4.0,45.5,0.0
0.6400000000000003,-1.2143990087920855,-0.04123465863659259,5.993473164475226,0.0,0.0,0.0,-2.0,4.0,45.5,0.0
0.6500000000000004,-1.2171652405453433,-0.043362540675287796,6.096666255386496,0.0,0.0,0.0,-2.0,4.0,45.5,0.0
0.6600000000000004,-1.2194329439853135,-0.04557841049567987,6.199630874264503,0.0,0.0,0.0,-2.0,4.0,45.5,0.0
0.6700000000000004,-1.2216757403142484,-0.04784280637274857,6.302429117899997,0.0,0.0,0.0,-2.0,4.0,45.5,0.0
0.6800000000000004,-1.2238713045219942,-0.05015476517566737,6.405256428086637,0.0,0.0,0.0,-2.0,4.0,45.5,0.0
0.6900000000000004,-1.2259865574511248,-0.052514964677603755,6.5080930968099935,0.0,0.0,0.0,-2.0,4.0,45.5,0.0
0.7000000000000004,-1.2279880404836676,-0.05492537207640453,6.610918319272236,0.0,0.0,0.0,-2.0,4.0,45.5,0.0
0.7100000000000004,-1.2298428811263784,-0.0573890275413596,6.713710792549774,0.0,0.0,0.0,-2.0,4.0,45.5,0.0
0.7200000000000004,-1.2315195982178173,-0.05990982753330245,6.816449251314546,0.0,0.0,0.0,-2.0,4.0,45.5,0.0
0.7300000000000004,-1.232988748421391,-0.06249231949265316,6.919112935749032,0.0,0.0,0.0,-2.0,4.0,45.5,0.0
0.7400000000000004,-1.2342234203517535,-0.06514151437712151,7.021681988791232,0.0,0.0,0.0,-2.0,4.0,45.5,0.0
0.7500000000000004,-1.2351989808411636,-0.06786196748928194,7.1241379201842845,0.0,0.0,0.0,-2.0,4.0,45.5,0.0
0.7600000000000005,-1.2358932487935272,-0.07065761084077607,7.226463856785147,0.0,0.0,0.0,-2.0,4.0,45.5,0.0
0.7700000000000005,-1.2362872555377182,-0.07353245007490355,7.328644574444802,0.0,0.0,0.0,-2.0,4.0,45.5,0.0
0.7800000000000005,-1.2363652747695482,-0.0764904731972114,7.430666627456683,0.0,0.0,0.0,-2.0,4.0,45.5,0.0
0.7900000000000005,-1.2361147674010244,-0.07953557058053906,7.53251842446206,0.0,0.0,0.0,-2.0,4.0,45.5,0.0
0.8000000000000005,-1.235526265084625,-0.08267147413530508,7.634190255558047,0.0,0.0,0.0,-2.0,4.0,45.5,0.0
0.8100000000000005,-1.2345932071542884,-0.08590171352672979,7.735674277594777,0.0,0.0,0.0,-2.0,4.0,45.5,0.0
0.8200000000000005,-1.233311744099554,-0.08922958715560726,7.836964464699411,0.0,0.0,0.0,-2.0,4.0,45.5,0.0
0.8300000000000005,-1.2267934655031028,-0.09249203656282773,7.93825126380356,0.0,0.0,0.0,-2.0,4.0,45.5,0.0
0.8400000000000005,-1.2143507421913347,-0.09560449518007637,8.040460133709955,0.0,0.0,0.0,-2.0,4.0,45.5,0.0
0.8500000000000005,-1.2137465467787056,-0.09910327860423591,8.141372957994193,0.0,0.0,0.0,-2.0,4.0,45.5,0.0
0.8600000000000005,-1.2131579591596322,-0.10264449800761577,8.242368193177793,0.0,0.0,0.0,-2.0,4.0,45.5,0.0
0.8700000000000006,-1.2125493421357016,-0.10623064535512944,8.34342592999944,0.0,0.0,0.0,-2.0,4.0,45.5,0.0
0.8800000000000006,-1.2118833301666094,-0.1098655349555191,8.44452371426445,0.0,0.0,0.0,-2.0,4.0,45.5,0.0
0.8900000000000006,-1.2111232400704883,-0.1135539082488477,8.545638324781251,0.0,0.0,0.0,-2.0,4.0,45.5,0.0
0.9000000000000006,-1.210234311947061,-0.11730113393704988,8.646746623599594,0.0,0.0,0.0,-2.0,4.0,45.5,0.0
0.9100000000000006,-1.2091844265626734,-0.12111295797969167,8.747826132545427,0.0,0.0,0.0,-2.0,4.0,45.5,0.0
0.9200000000000006,-1.2079445518923477,-0.12499529549311168,8.848855465309926,0.0,0.0,0.0,-2.0,4.0,45.5,0.0
0.9300000000000006,-1.2064890077333221,-0.12895406088623376,8.949814656612432,0.0,0.0,0.0,-2.0,4.0,45.5,0.0
0.9400000000000006,-1.204795592683243,-0.13299503306806632,9.050685406653383,0.0,0.0,0.0,-2.0,4.0,45.5,0.0
0.9500000000000006,-1.202845602780883,-0.1371237523488282,9.151451252052638,0.0,0.0,0.0,-2.0,4.0,45.5,0.0
0.9600000000000006,-1.2006237647842817,-0.1413454453916987,9.252097672300248,0.0,0.0,0.0,-2.0,4.0,45.5,0.0
0.9700000000000006,-1.1981181035361665,-0.14566497446403945,9.352612140092997,0.0,0.0,0.0,-2.0,4.0,45.5,0.0
0.9800000000000006,-1.1953197602226386,-0.1500868072526007,9.452984123689394,0.0,0.0,0.0,-2.0,4.0,45.5,0.0
0.9900000000000007,-1.1889487279575373,-0.15448419184383577,9.553256439712557,0.0,0.0,0.0,-2.0,4.0,45.5,0.0
1.0000000000000007,-1.186516612214669,-0.1590066866924311,9.65349067698365,0.0,0.0,0.0,-2.0,4.0,45.5,0.0
1.0100000000000007,-1.1841387311363893,-0.1635535516644122,9.753819842178483,0.0,0.0,0.0,-2.0,4.0,45.5,0.0
1.0200000000000007,-1.181809915355346,-0.16812571842118734,9.85423645574822,0.0,0.0,0.0,-2.0,4.0,45.5,0.0
1.0300000000000007,-1.1794980026208286,-0.17272704068974445,9.954721023681309,0.0,0.0,0.0,-2.0,4.0,45.5,0.0
1.0400000000000007,-1.177166062384564,-0.17736305995454482,10.055251065950296,0.0,0.0,0.0,-2.0,4.0,45.5,0.0
1.0500000000000007,-1.1747770446233312,-0.18204046437607693,10.15580328831262,0.0,0.0,0.0,-2.0,4.0,45.5,0.0
1.0600000000000007,-1.172295535535509,-0.18676669207708224,10.256354564520194,0.0,0.0,0.0,-2.0,4.0,45.5,0.0
1.0700000000000007,-1.1696886510745,-0.19154960822248973,10.356882543139534,0.0,0.0,0.0,-2.0,4.0,45.5,0.0
1.0800000000000007,-1.1669265478391615,-0.1963972395189271,10.45736607414196,0.0,0.0,0.0,-2.0,4.0,45.5,0.0
1.0900000000000007,-1.1639827101853544,-0.20131755937617046,10.557785518848167,0.0,0.0,0.0,-2.0,4.0,45.5,0.0
1.1000000000000008,-1.1608340835388593,-0.2063183187629236,10.658122970348263,0.0,0.0,0.0,-2.0,4.0,45.5,0.0
1.1100000000000008,-1.1574610936723748,-0.21140691789622446,10.758362399719815,0.0,0.0,0.0,-2.0,4.0,45.5,0.0
1.1200000000000008,-1.1538475794356016,-0.21659031380811644,10.858489739158488,0.0,0.0,0.0,-2.0,4.0,45.5,0.0
1.1300000000000008,-1.1499806602389397,-0.22187495876699312,10.958492911493245,0.0,0.0,0.0,-2.0,4.0,45.5,0.0
1.1400000000000008,-1.1458505557707976,-0.2272667646827748,11.05836181476099,0.0,0.0,0.0,-2.0,4.0,45.5,0.0
1.1500000000000008,-1.139803547634022,-0.2326983519713358,11.15800968335052,0.0,0.0,0.0,-2.0,4.0,45.5,0.0
1.1600000000000008,-1.1358314769846765,-0.23820633142880662,11.25770530532401,0.0,0.0,0.0,-2.0,4.0,45.5,0.0
1.1700000000000008,-1.1319974835758544,-0.24373382728338736,11.357518322588636,0.0,0.0,0.0,-2.0,4.0,45.5,0.0
1.1800000000000008,-1.1282677954664841,-0.24928306869402642,11.457431880842474,0.0,0.0,0.0,-2.0,4.0,45.5,0.0
1.1900000000000008,-1.1246015305257324,-0.2548588611320609,11.557424648419065,0.0,0.0,0.0,-2.0,4.0,45.5,0.0
1.2000000000000008,-1.1209573074816794,-0.26046779796234754,11.657473916597258,0.0,0.0,0.0,-2.0,4.0,45.5,0.0
1.2100000000000009,-1.117295062141797,-0.2661177420168599,11.757556610744711,0.0,0.0,0.0,-2.0,4.0,45.5,0.0
1.2200000000000009,-1.1135769751901357,-0.2718173919514823,11.85764992217978,0.0,0.0,0.0,-2.0,4.0,45.5,0.0
1.2300000000000009,-1.1097680604931432,-0.2775759143312772,11.957731785919751,0.0,0.0,0.0,-2.0,4.0,45.5,0.0
1.2400000000000009,-1.1058365485586688,-0.28340263691785816,12.057781256674131,0.0,0.0,0.0,-2.0,4.0,45.5,0.0
1.2500000000000009,-1.1017543441971307,-0.28930699810736443,12.157778780353665,0.0,0.0,0.0,-2.0,4.0,45.5,0.0
1.260000000000001,-1.0974970284180037,-0.29529825635053886,12.257706424022535,0.0,0.0,0.0,-2.0,4.0,45.5,0.0
1.270000000000001,-1.0930437312274248,-0.3013852231331739,12.357548040459656,0.0,0.0,0.0,-2.0,4.0,45.5,0.0
1.280000000000001,-1.0883770611450996,-0.3075761578425356,12.457289359930511,0.0,0.0,0.0,-2.0,4.0,45.5,0.0
1.290000000000001,-1.0834829724210406,-0.31387869880899666,12.556918030123441,0.0,0.0,0.0,-2.0,4.0,45.5,0.0
1.300000000000001,-1.0783505854417317,-0.32029982466883367,12.656423611755988,0.0,0.0,0.0,-2.0,4.0,45.5,0.0
1.310000000000001,-1.0729719739246222,-0.32684584057092947,12.755797537262842,0.0,0.0,0.0,-2.0,4.0,45.5,0.0
1.320000000000001,-1.0678187350816952,-0.33341215253767353,12.85510478491867,0.0,0.0,0.0,-2.0,4.0,45.5,0.0
1.330000000000001,-1.0628568413503947,-0.3399974796377626,12.954540858005274,0.0,0.0,0.0,-2.0,4.0,45.5,0.0
1.340000000000001,-1.0580416538019315,-0.3466043548373667,13.05408564047058,0.0,0.0,0.0,-2.0,4.0,45.5,0.0
1.350000000000001,-1.0533285819554774,-0.35323798906661796,13.15371751217066,0.0,0.0,0.0,-2.0,4.0,45.5,0.0
1.360000000000001,-1.0486740371519763,-0.3599056689566091,13.25341399664038,0.0,0.0,0.0,-2.0,4.0,45.5,0.0
1.370000000000001,-1.0440362309060116,-0.3666161960951277,13.353152342520483,0.0,0.0,0.0,-2.0,4.0,45.5,0.0
1.380000000000001,-1.0393758144765965,-0.3733793869781071,13.452910034308612,0.0,0.0,0.0,-2.0,4.0,45.5,0.0
1.390000000000001,-1.0346563657555259,-0.3802056413087233,13.552665229490042,0.0,0.0,0.0,-2.0,4.0,45.5,0.0
1.400000000000001,-1.0298447342213732,-0.38710557986946204,13.652397121550036,0.0,0.0,0.0,-2.0,4.0,45.5,0.0
1.410000000000001,-1.0249112580428374,-0.39408974948445213,13.752086230518174,0.0,0.0,0.0,-2.0,4.0,45.5,0.0
1.420000000000001,-1.0198298694454166,-0.40116839035025076,13.851714624513619,0.0,0.0,0.0,-2.0,4.0,45.5,0.0
1.430000000000001,-1.014578105287839,-0.40835125965623886,13.951266077224814,0.0,0.0,0.0,-2.0,4.0,45.5,0.0
1.440000000000001,-1.0091370397375088,-0.4156475047448048,14.050726167344274,0.0,0.0,0.0,-2.0,4.0,45.5,0.0
1.450000000000001,-1.0034911551221692,-0.4230655788302172,14.150082326698668,0.0,0.0,0.0,-2.0,4.0,45.5,0.0
1.460000000000001,-0.9976281657628615,-0.43061319244339386,14.249323844182355,0.0,0.0,0.0,-2.0,4.0,45.5,0.0
1.470000000000001,-0.991538807988499,-0.4382972941451499,14.348441832662449,0.0,0.0,0.0,-2.0,4.0,45.5,0.0
1.480000000000001,-0.9803280969564531,-0.4458625292569027,14.447618405607805,0.0,0.0,0.0,-2.0,4.0,45.5,0.0
1.490000000000001,-0.9633044128927256,-0.45314516607857186,14.547774421164027,0.0,0.0,0.0,-2.0,4.0,45.5,0.0
1.500000000000001,-0.9582499115401216,-0.46098610681530183,14.646721785483214,0.0,0.0,0.0,-2.0,4.0,45.5,0.0
1.5100000000000011,-0.9533251050101837,-0.4688529217607458,14.745815290207643,0.0,0.0,0.0,-2.0,4.0,45.5,0.0
1.5200000000000011,-0.9484855442977893,-0.47675271805023356,14.845032799760586,0.0,0.0,0.0,-2.0,4.0,45.5,0.0
1.5300000000000011,-0.9436892527451772,-0.4846949645283913,14.944349417273232,0.0,0.0,0.0,-2.0,4.0,45.5,0.0
1.5400000000000011,-0.9388951699249156,-0.492690510582147,15.043739461923728,0.0,0.0,0.0,-2.0,4.0,45.5,0.0
1.5500000000000012,-0.9340643783863944,-0.5007510046076278,15.143177327666805,0.0,0.0,0.0,-2.0,4.0,45.5,0.0
1.5600000000000012,-0.9291608132809702,-0.5088884280413449,15.242638071773964,0.0,0.0,0.0,-2.0,4.0,45.5,0.0
1.5700000000000012,-0.9241517028319497,-0.5171147220314684,15.342097859126488,0.0,0.0,0.0,-2.0,4.0,45.5,0.0
1.5800000000000012,-0.9190078273187526,-0.5254414947584461,15.44153430276457,0.0,0.0,0.0,-2.0,4.0,45.5,0.0
1.5900000000000012,-0.9137036403197424,-0.5338797996947777,15.540926718569153,0.0,0.0,0.0,-2.0,4.0,45.5,0.0
1.6000000000000012,-0.9082172813240587,-0.5424399756901586,15.640256305166165,0.0,0.0,0.0,-2.0,4.0,45.5,0.0
1.6100000000000012,-0.9025305025503418,-0.5511315399600728,15.739506258075988,0.0,0.0,0.0,-2.0,4.0,45.5,0.0
1.6200000000000012,-0.8966285294211166,-0.559963125484471,15.838661826521014,0.0,0.0,0.0,-2.0,4.0,45.5,0.0
1.6300000000000012,-0.8904998715272006,-0.5689424548387576,15.937710321086632,0.0,0.0,0.0,-2.0,4.0,45.5,0.0
1.6400000000000012,-0.8808638606664556,-0.5778874729351564,16.036689429748563,0.0,0.0,0.0,-2.0,4.0,45.5,0.0
1.6500000000000012,-0.8752385551474288,-0.5869684836917367,16.135670575395146,0.0,0.0,0.0,-2.0,4.0,45.5,0.0
1.6600000000000013,-0.8697368092832737,-0.5960539839502488,16.234781871227213,0.0,0.0,0.0,-2.0,4.0,45.5,0.0
1.6700000000000013,-0.8643486308213867,-0.6051471804938888,16.33401413967249,0.0,0.0,0.0,-2.0,4.0,45.5,0.0
1.6800000000000013,-0.8590391666434983,-0.6142564459644166,16.433346269269396,0.0,0.0,0.0,-2.0,4.0,45.5,0.0
1.6900000000000013,-0.8537689288583089,-0.6233928444432617,16.532754157617727,0.0,0.0,0.0,-2.0,4.0,45.5,0.0
1.7000000000000013,-0.8484984278854639,-0.6325691272507843,16.632212869874998,0.0,0.0,0.0,-2.0,4.0,45.5,0.0
1.7100000000000013,-0.8431899238309952,-0.6417990279738274,16.731697627327744,0.0,0.0,0.0,-2.0,4.0,45.5,0.0
1.7200000000000013,-0.837808318906882,-0.6510967074121741,16.831184424596643,0.0,0.0,0.0,-2.0,4.0,45.5,0.0
1.7300000000000013,-0.8323216680453112,-0.6604763106299746,16.93065046699302,0.0,0.0,0.0,-2.0,4.0,45.5,0.0
1.7400000000000013,-0.8267014656897923,-0.6699516192518331,17.03007449050834,0.0,0.0,0.0,-2.0,4.0,45.5,0.0
1.7500000000000013,-0.8209227783413483,-0.6795357869299785,17.129436991189465,0.0,0.0,0.0,-2.0,4.0,45.5,0.0
1.7600000000000013,-0.8149642624487126,-0.6892411471250335,17.22872037911165,0.0,0.0,0.0,-2.0,4.0,45.5,0.0
1.7700000000000014,-0.8088080950492248,-0.6990790828438436,17.327909068064656,0.0,0.0,0.0,-2.0,4.0,45.5,0.0
1.7800000000000014,-0.8024398384626218,-0.7090599484485571,17.42698951047084,0.0,0.0,0.0,-2.0,4.0,45.5,0.0
1.7900000000000014,-0.7958482565501955,-0.7191930343007307,17.52595018628415,0.0,0.0,0.0,-2.0,4.0,45.5,0.0
1.8000000000000014,-0.7873806148135215,-0.7293865895407262,17.624701733971634,0.0,0.0,0.0,-2.0,4.0,45.5,0.0
1.8100000000000014,-0.773524167778912,-0.7392717037328557,17.724336035867555,0.0,0.0,0.0,-2.0,4.0,45.5,0.0
1.8200000000000014,-0.7554058367102834,-0.7489381126423735,17.824557674462525,-0.12936705016749225,-1.3506760401460483e-06,0.1416858286272367,-2.0,4.0,45.5,0.0
1.8300000000000014,-0.7341111265965661,-0.7583911718911814,17.925387927252324,-0.16129369704605484,-2.9680672688603414e-06,0.19991013438027533,-2.0,4.0,45.5,0.0
1.8400000000000014,-0.7105457889662158,-0.767634964095018,18.026600426381446,-0.18996583850858717,-4.39858533205495e-06,0.26199069917134715,-2.0,4.0,45.5,0.0
1.8500000000000014,-0.6854494644311238,-0.7766742611129297,18.127954270486903,-0.2161197822058011,-5.430146901030941e-06,0.32745202732221407,-2.0,4.0,45.5,0.0
1.8600000000000014,-0.6594186463202527,-0.7855139730116001,18.229211186123266,-0.24033640335893708,-5.888943044352058e-06,0.3958554408839601,-2.0,4.0,45.5,0.0
1.8700000000000014,-0.6329278240261943,-0.7941588339633631,18.33014752847781,-0.2630747096923623,-5.614728636071931e-06,0.4667902179451793,-2.0,4.0,45.5,0.0
1.8800000000000014,-0.606348552919461,-0.8026132373841386,18.430562186780648,-0.28469361334886767,-4.454027334188648e-06,0.5398757968601201,-2.0,4.0,45.5,0.0
1.8900000000000015,-0.5799663787278547,-0.8108811670210757,18.530281298783727,-0.30546928640308463,-2.2578324119004733e-06,0.6147647218790279,-2.0,4.0,45.5,0.0
1.9000000000000015,-0.5539956550804602,-0.8189661888586738,18.62916053054956,-0.32560985296820766,1.1193522422181523e-06,0.6911444008680239,-2.0,4.0,45.5,0.0
1.9100000000000015,-0.5285923653058766,-0.8268714801763409,18.72708554415524,-0.3452679777694663,5.820012691104548e-06,0.7687375140543666,-2.0,4.0,45.5,0.0
1.9200000000000015,-0.5171769319702825,-0.8345538396264197,18.819393401419184,-0.37785055748747964,1.0922903687049513e-05,0.8427226183639192,-2.0,4.0,45.5,0.0
1.9300000000000015,-0.5059568878578646,-0.8420807473027355,18.91168551969699,-0.4095662005461286,1.6174468435681268e-05,0.9185504390545874,-2.0,4.0,45.5,0.0
1.9400000000000015,-0.49792786634639935,-0.8495112203578159,19.00793097437694,-0.44343074666021876,2.0059464877397738e-05,1.0000462924041182,-2.0,4.0,45.5,0.0
1.9500000000000015,-0.4933724245126904,-0.8568273384290975,19.106650178971726,-0.47973187851249327,2.300904622064559e-05,1.0855894445894636,-2.0,4.0,45.5,0.0
1.9600000000000015,-0.475352734996824,-0.8638139520375739,19.187950653396676,-0.5015466344684425,3.193554322773462e-05,1.1551424357962403,-2.0,4.0,45.5,0.0
1.9700000000000015,-0.4577388601023608,-0.8706254015744853,19.267712016227673,-0.52275827044735,4.415332233504987e-05,1.2244661095133593,-2.0,4.0,45.5,0.0
1.9800000000000015,-0.44036926543838795,-0.8772759292100435,19.3469489673361,-0.5432080693301831,5.986810909637263e-05,1.2944546687462732,-2.0,4.0,45.5,0.0
1.9900000000000015,-0.4232018495835594,-0.8837705799746803,19.426102680120366,-0.5628658417590439,7.826207266123931e-05,1.3654351028055598,-2.0,4.0,45.5,0.0
2.0000000000000013,-0.40619092016738373,-0.8901112469490828,19.505000687928042,-0.581704284145645,9.982717831999999e-05,1.4371270843740986,-2.0,4.0,45.5,0.0
2.010000000000001,-0.3893289400346897,-0.8963004776548007,19.583745828177538,-0.5997330859406694,0.00012456882284133107,1.509532191232212,-2.0,4.0,45.5,0.0
2.020000000000001,-0.37271709106954787,-0.9023466714658728,19.663173298198057,-0.6170705563814496,0.00015200522381350056,1.5833910817373011,-2.0,4.0,45.5,0.0
2.0300000000000007,-0.35623142222737453,-0.9082458939494452,19.742569662314523,-0.6336141929869191,0.00018265521033419274,1.6579014595552704,-2.0,4.0,45.5,0.0
2.0400000000000005,-0.3400607439957443,-0.9140068860958471,19.822822971812087,-0.6495725739210292,0.00021621949247905282,1.73386932118989,-2.0,4.0,45.5,0.0
2.0500000000000003,-0.3239747420421257,-0.9196249931664536,19.902941137762554,-0.6647381120042357,0.0002531303512461558,1.810225804343974,-2.0,4.0,45.5,0.0
2.06,-0.3079137515484143,-0.9251055825224095,19.98355764208763,-0.6790729908838394,0.00029345811908062516,1.887533900774714,-2.0,4.0,45.5,0.0
2.07,-0.29213606700849226,-0.9304565460629038,20.0655038915894,-0.6928580544693982,0.000337010830814799,1.9665601703624436,-2.0,4.0,45.5,0.0
2.0799999999999996,-0.2764958061027275,-0.9356748353070007,20.14792409546729,-0.7059717138873582,0.00038395401704556243,2.04638870100145,-2.0,4.0,45.5,0.0
2.0899999999999994,-0.26121609603383117,-0.9407658567893061,20.23148132423534,-0.7186607312038716,0.0004343143156833928,2.12762791858139,-2.0,4.0,45.5,0.0
2.099999999999999,-0.24608683233865974,-0.9457268058253514,20.315264556592783,-0.7307395073740146,0.0004882463640845658,2.2093164830387573,-2.0,4.0,45.5,0.0
2.109999999999999,-0.23128357571263838,-0.9505616926375363,20.399845918664774,-0.7424076909692641,0.0005459076994796086,2.291981077475178,-2.0,4.0,45.5,0.0
2.1199999999999988,-0.21656186685131568,-0.9552686496346009,20.484374204990317,-0.7534452334032551,0.0006074334463319509,2.37472895801763,-2.0,4.0,45.5,0.0
2.1299999999999986,-0.20207578854733668,-0.9598514711602194,20.569392593029487,-0.7640302205405473,0.0006730488794464917,2.4580660579085087,-2.0,4.0,45.5,0.0
2.1399999999999983,-0.1875890073984169,-0.9643092300253289,20.654156818520555,-0.7739503818656183,0.0007428518722599753,2.541214306140114,-2.0,4.0,45.5,0.0
2.149999999999998,-0.17325327494876783,-0.9686462708748109,20.7392131228773,-0.7833809217934716,0.0008170980331763111,2.624689899247953,-2.0,4.0,45.5,0.0
2.159999999999998,-0.15887033844123374,-0.9728623465169347,20.823932424949618,-0.7921471041187675,0.0008958335758161851,2.7078366570892443,-2.0,4.0,45.5,0.0
2.1699999999999977,-0.14458241294659296,-0.9769627588051036,20.90868435390219,-0.8004136382820232,0.000979312088505313,2.791000398439551,-2.0,4.0,45.5,0.0
2.1799999999999975,-0.1302356359321134,-0.9809482276884338,20.99319704922415,-0.8080494823532904,0.0010674595832071865,2.873887947347692,-2.0,4.0,45.5,0.0
2.1899999999999973,-0.11596384828546087,-0.9848243000522751,21.078004017422266,-0.8152098459474786,0.001160542124611419,2.957014285018393,-2.0,4.0,45.5,0.0
2.199999999999997,-0.10167636208132451,-0.9885914197714439,21.162683970328,-0.8218261054260557,0.0012585056173830434,3.0399416662422607,-2.0,4.0,45.5,0.0
2.209999999999997,-0.08747145555429398,-0.9922550038821047,21.24770151291369,-0.828016517267207,0.0013616419618513898,3.1231206228566992,-2.0,4.0,45.5,0.0
2.2199999999999966,-0.07329715381414427,-0.9958156920904842,21.332727224644337,-0.8337502727303752,0.0014699156711379334,3.2062093832964274,-2.0,4.0,45.5,0.0
2.2299999999999964,-0.05921069843433037,-0.9992783813534271,21.41812662832787,-0.839103130994561,0.0015836154408022218,3.2895630847247945,-2.0,4.0,45.5,0.0
2.239999999999996,-0.045185614732030206,-1.0026440276760176,21.503665433257467,-0.8440687963212182,0.0017027415558472647,3.3729385118159145,-2.0,4.0,45.5,0.0
2.249999999999996,-0.03124596211823688,-1.0059167984253505,21.589596614889153,-0.8486883925315425,0.0018275435315890487,3.4565812883271945,-2.0,4.0,45.5,0.0
2.259999999999996,-0.017379660733083613,-1.009098030595736,21.675776406019487,-0.8529689507220247,0.001958067566064159,3.540341554691447,-2.0,4.0,45.5,0.0
2.2699999999999956,-0.0035912300146210187,-1.0121911343420065,21.76235119811504,-0.856930668417826,0.0020944977740488535,3.624360823365817,-2.0,4.0,45.5,0.0
2.2799999999999954,0.010123766827754621,-1.0151980915405368,21.84930100907664,-0.8605859956446702,0.002236936846275539,3.7086152996280597,-2.0,4.0,45.5,0.0
2.289999999999995,0.02377422149046714,-1.0181206124398046,21.936375672415174,-0.8639430995725437,0.0023854708582380256,3.7928519933672282,-2.0,4.0,45.5,0.0
2.299999999999995,0.037360875021818285,-1.020961845929938,22.02386491766156,-0.8670153248436178,0.002540187689131346,3.8773586567973757,-2.0,4.0,45.5,0.0
2.3099999999999947,0.050887346073068274,-1.023723552935282,22.11175643647073,-0.8698149558446403,0.0027012374010088936,3.9621217676487683,-2.0,4.0,45.5,0.0
2.3199999999999945,0.06435577623968143,-1.0264080597776644,22.200054254916775,-0.872352643952728,0.0028686757532800588,4.047144726731443,-2.0,4.0,45.5,0.0
2.3299999999999943,0.07777079798816157,-1.0290172778380122,22.288778865849704,-0.8746384921314633,0.003042694796562695,4.132448159122873,-2.0,4.0,45.5,0.0
2.339999999999994,0.09113376624519663,-1.0315529573066435,22.37788563216209,-0.8766828467849415,0.0032233143870858405,4.217987958275247,-2.0,4.0,45.5,0.0
2.349999999999994,0.10445108051131295,-1.034017011193523,22.467413062864612,-0.8784929231491786,0.0034107575652848497,4.303803778930557,-2.0,4.0,45.5,0.0
2.3599999999999937,0.11772243938692274,-1.0364108545050172,22.55729306951963,-0.880079741098689,0.0036050242406322707,4.389828935212381,-2.0,4.0,45.5,0.0
2.3699999999999934,0.1309551799202178,-1.0387363101755702,22.647569685157155,-0.8814484827159011,0.0038063525213609672,4.4761093721206535,-2.0,4.0,45.5,0.0
2.3799999999999932,0.14414814673370613,-1.040994652288556,22.73817224086398,-0.8826101371452522,0.004014739906678511,4.562576488032699,-2.0,4.0,45.5,0.0
2.389999999999993,0.15730566223197423,-1.0431874238433043,22.82910299535768,-0.8835710777197573,0.004230341031019558,4.6492349618383235,-2.0,4.0,45.5,0.0
2.399999999999993,0.17043293165377485,-1.0453160573039797,22.92038102237125,-0.8843368931831904,0.004453360142185181,4.736106541169311,-2.0,4.0,45.5,0.0
2.4099999999999926,0.18353104378103208,-1.047381955507281,23.01177520351272,-0.8849152951471382,0.004683823594198122,4.822962874850675,-2.0,4.0,45.5,0.0
2.4199999999999924,0.19660456187281342,-1.0493863916444703,23.10350731266302,-0.8853116085268686,0.004921937228519635,4.910028753457411,-2.0,4.0,45.5,0.0
2.429999999999992,0.20965394296436207,-1.0513305311482604,23.195541431395643,-0.8855334308996854,0.0051677669282343295,4.997271300614079,-2.0,4.0,45.5,0.0
2.439999999999992,0.22268199016654536,-1.053215494832472,23.28787147484267,-0.8855864583775164,0.005421469911358978,5.084687628722071,-2.0,4.0,45.5,0.0
2.4499999999999917,0.23569193266211297,-1.0550422647090156,23.38049754124483,-0.8854759392505066,0.005683233367877116,5.172281126211059,-2.0,4.0,45.5,0.0
2.4599999999999915,0.24868492498484748,-1.056811896026073,23.47339754430297,-0.8852078568403403,0.005953156598629694,5.260032996817921,-2.0,4.0,45.5,0.0
2.4699999999999913,0.2616638262379902,-1.0585252402463077,23.566569293819065,-0.884787065939995,0.00623142473070355,5.347944427050177,-2.0,4.0,45.5,0.0
2.479999999999991,0.27462978586835773,-1.0601832473768937,23.659994127153,-0.8842189316135929,0.00651814757036151,5.436000106979818,-2.0,4.0,45.5,0.0
2.489999999999991,0.2875848188753458,-1.0617867291199663,23.753663897833402,-0.8835081381396968,0.006813481762168283,5.524195271726855,-2.0,4.0,45.5,0.0
2.4999999999999907,0.300531143812465,-1.0633363602459405,23.84757258314561,-0.8826591133505639,0.007117602217069074,5.612527290216078,-2.0,4.0,45.5,0.0
2.5099999999999905,0.3134699479447535,-1.064832947484617,23.941707378618865,-0.8816763596157831,0.007430636281425351,5.700986691560042,-2.0,4.0,45.5,0.0
2.5199999999999902,0.32640290245592507,-1.066277136539882,24.035862473913348,-0.8805639896960322,0.007752739156566357,5.789370998132265,-2.0,4.0,45.5,0.0
2.52999999999999,0.33933187248050245,-1.067669483242595,24.13023962618547,-0.8793259253964116,0.008084075325797756,5.877885276467263,-2.0,4.0,45.5,0.0
2.53999999999999,0.3522578547279469,-1.0690106262900998,24.224828247103407,-0.8779660873384749,0.008424787433137548,5.966522169032848,-2.0,4.0,45.5,0.0
2.5499999999999896,0.3651821717053165,-1.0703010605799337,24.31961969580819,-0.876488163349995,0.008775037781887351,6.055276237785391,-2.0,4.0,45.5,0.0
2.5599999999999894,0.37810625381549956,-1.0715411505356394,24.414605462828458,-0.8748956856183749,0.00913499786944567,6.144142136728446,-2.0,4.0,45.5,0.0
2.569999999999989,0.3910309651966264,-1.0727314251994489,24.50977687942555,-0.8731920437159939,0.009504818940619043,6.233114269278592,-2.0,4.0,45.5,0.0
2.579999999999989,0.40395740421494064,-1.0738722518253419,24.60512603355435,-0.8713804640618577,0.009884666464715886,6.322187758045903,-2.0,4.0,45.5,0.0
2.5899999999999888,0.4168867672358122,-1.0749638715146492,24.700645050250735,-0.8694640434141674,0.01027471271307242,6.411357701955059,-2.0,4.0,45.5,0.0
2.5999999999999885,0.429819746002217,-1.0760067028891986,24.796326528937552,-0.8674457367763821,0.010675116385349303,6.50061958828429,-2.0,4.0,45.5,0.0
2.6099999999999883,0.4427572398655088,-1.0770010014162161,24.89216339852199,-0.8653283723238543,0.011086046658248527,6.5899691774157265,-2.0,4.0,45.5,0.0
2.619999999999988,0.4557002482039252,-1.0779469008182234,24.988148772690593,-0.8631146623797319,0.011507678301566359,6.679402363738343,-2.0,4.0,45.5,0.0
2.629999999999988,0.4686492923643248,-1.0788447197255466,25.084276111678758,-0.8608072005479608,0.01194017660920329,6.7689152828843575,-2.0,4.0,45.5,0.0
2.6399999999999877,0.48160509510006977,-1.079694597861987,25.180341380126098,-0.8584084597790955,0.012383714480672613,6.858306526954894,-2.0,4.0,45.5,0.0
2.6499999999999875,0.4945683655604406,-1.0804966904830668,25.276546468226,-0.855920822689213,0.012838465610868832,6.947780538719056,-2.0,4.0,45.5,0.0
2.6599999999999873,0.5075398274007001,-1.081250997027611,25.37288517165004,-0.8533465744610866,0.013304611892598983,7.037333608067039,-2.0,4.0,45.5,0.0
2.669999999999987,0.5205198175037085,-1.0819577010274277,25.469351281863396,-0.8506879107299683,0.013782328617233353,7.126961923172506,-2.0,4.0,45.5,0.0
2.679999999999987,0.5335088495806353,-1.08261684210588,25.56593903598301,-0.8479469290279484,0.014271797503897487,7.216662071663398,-2.0,4.0,45.5,0.0
2.6899999999999866,0.5465075398601033,-1.0832283618946825,25.66264337935297,-0.8451256222970187,0.014773205330217165,7.3064312867386985,-2.0,4.0,45.5,0.0
2.6999999999999864,0.559516097768998,-1.0837923562867815,25.759458527503813,-0.8422259366148737,0.015286733252682682,7.396265983947146,-2.0,4.0,45.5,0.0
2.709999999999986,0.5725435449809028,-1.0843092452768663,25.856466847090267,-0.8366831622168664,0.01613097617689039,7.527193148947482,-2.0,4.0,45.5,0.0
2.719999999999986,0.5855835122199087,-1.084778715269686,25.95359402483906,-0.8338905240234835,0.016636267831832797,7.612966912416082,-2.0,4.0,45.5,0.0
2.7299999999999858,0.5986237227810663,-1.0851994797857414,26.050702821749876,-0.8310062164635363,0.01715755214708011,7.699149884786112,-2.0,4.0,45.5,0.0
2.7399999999999856,0.6116750786525706,-1.085572477574166,26.14790439085853,-0.8280245621488245,0.017694938669235716,7.78580237880256,-2.0,4.0,45.5,0.0
2.7499999999999853,0.6247378091807256,-1.0858975616315096,26.244996266085668,-0.8249500425506266,0.018248261628916573,7.872677189611944,-2.0,4.0,45.5,0.0
2.759999999999985,0.6378122489552109,-1.0861745820970137,26.342182627232823,-0.8217867254375708,0.018817399243096576,7.959939186354556,-2.0,4.0,45.5,0.0
2.769999999999985,0.650898460189882,-1.0864034050736846,26.43945893254361,-0.8185383441155043,0.01940226844196894,8.047549247420914,-2.0,4.0,45.5,0.0
2.7799999999999847,0.6639971854259686,-1.0865842324992137,26.53683987308334,-0.8129440180909009,0.02039357649502004,8.176951292016067,-2.0,4.0,45.5,0.0
2.7899999999999845,0.6771076453887397,-1.086716518994475,26.63430006742666,-0.8097642842885842,0.0209701482431379,8.260960968051887,-2.0,4.0,45.5,0.0
2.7999999999999843,0.6902301883642251,-1.0867994280902693,26.731820347308368,-0.8064858763688978,0.021566528904012106,8.345651695212332,-2.0,4.0,45.5,0.0
2.809999999999984,0.7033648037322904,-1.086833345364025,26.829414844733392,-0.8031128707668937,0.02218235053581581,8.430968361340826,-2.0,4.0,45.5,0.0
2.819999999999984,0.7165115212057839,-1.0868180171394772,26.92708000171647,-0.7996500495195296,0.02281726723142614,8.516846209031664,-2.0,4.0,45.5,0.0
2.8299999999999836,0.7296695181477645,-1.0867535703951836,27.02481373636072,-0.7939629635308573,0.023920053979446597,8.645130970984601,-2.0,4.0,45.5,0.0
2.8399999999999834,0.7428396483370707,-1.086639304275359,27.122611029250308,-0.7905461235826374,0.024547648358336015,8.727791489202426,-2.0,4.0,45.5,0.0
2.849999999999983,0.7560218587541344,-1.0864749277305288,27.220468956847963,-0.7870293875207182,0.02519827371570347,8.811288579161936,-2.0,4.0,45.5,0.0
2.859999999999983,0.7692171048660659,-1.0862596301730307,27.31818636311759,-0.7834183565201238,0.02587131626213065,8.895337588117846,-2.0,4.0,45.5,0.0
2.869999999999983,0.7824225702618249,-1.0859943550938131,27.415770351639704,-0.778244408375249,0.02697650239285786,9.010266220883924,-2.0,4.0,45.5,0.0
2.8799999999999826,0.7956417352813223,-1.0856771674841132,27.51342564512125,-0.7750964996251907,0.02765011027379095,9.083656039875098,-2.0,4.0,45.5,0.0
2.8899999999999824,0.808872605519065,-1.0853085289529307,27.611148891863344,-0.7708696268744041,0.028643747702127964,9.178682623073474,-2.0,4.0,45.5,0.0
2.899999999999982,0.8221149985441223,-1.08488809158284,27.708936803763283,-0.7671390029837095,0.029570039237804647,9.263312608946393,-2.0,4.0,45.5,0.0
2.909999999999982,0.8353663144630704,-1.0844165979578388,27.80678683728207,-0.7638937817077949,0.03042581095636887,9.337781955143416,-2.0,4.0,45.5,0.0
2.9199999999999817,0.8486288382000083,-1.0838924658806792,27.904693550813338,-0.7611273544777983,0.03121006336534158,9.402303326001867,-2.0,4.0,45.5,0.0
2.9299999999999815,0.8619025557824921,-1.0833152483139146,28.002654769616264,-0.7587611153272036,0.03193468948823951,9.458477398796683,-2.0,4.0,45.5,0.0
2.9399999999999813,0.8751872843509576,-1.0826845346805167,28.100668682287587,-0.7562822726125854,0.032678638664399774,9.51609310278424,-2.0,4.0,45.5,0.0
2.949999999999981,0.8884828325049906,-1.0819998864598603,28.19873309786941,-0.7536639619169279,0.03344673672852624,9.575601415411104,-2.0,4.0,45.5,0.0
2.959999999999981,0.9017889900282474,-1.0812608500657064,28.2968457815528,-0.7509135556199755,0.034238525550229784,9.636870140117699,-2.0,4.0,45.5,0.0
2.9699999999999807,0.9151055367873704,-1.0804669557681803,28.395004543832325,-0.7480359875066912,0.03505390847107346,9.699809143653933,-2.0,4.0,45.5,0.0
2.9799999999999804,0.9284322066542058,-1.0796176959861077,28.493008888570508,-0.7450357937124625,0.0358928390886763,9.764137381066808,-2.0,4.0,45.5,0.0
2.9899999999999802,0.9417688571453948,-1.078712602868977,28.59106466944396,-0.7419172668296153,0.036755289146988425,9.829984568391355,-2.0,4.0,45.5,0.0
2.99999999999998,0.9551152085435621,-1.0777511373733017,28.689169510596024,-0.7386845201250498,0.037641252251574955,9.89727597599488,-2.0,4.0,45.5,0.0
3.00999999999998,0.9684710248139038,-1.0767327636072241,28.787321151517517,-0.7353414798050348,0.03855073733559951,9.965940536817353,-2.0,4.0,45.5,0.0
3.0199999999999796,0.9818360700028959,-1.075656928848089,28.8855174571707,-0.7318918995989403,0.039483769406298844,10.035910661040557,-2.0,4.0,45.5,0.0
3.0299999999999794,0.9952101102181312,-1.0745230633950045,28.983756424669608,-0.7283393686102553,0.04044038905370899,10.107122075646771,-2.0,4.0,45.5,0.0
3.039999999999979,1.0085929164809806,-1.0733305803571058,29.082036194599784,-0.7246873181211342,0.04142065217468712,10.179513681944249,-2.0,4.0,45.5,0.0
3.049999999999979,1.0219843123076144,-1.0720788348284382,29.180353277263922,-0.7209391386546198,0.042424617073017146,10.253025643018848,-2.0,4.0,45.5,0.0
3.0599999999999787,1.0353838316061652,-1.0707673370817528,29.278707464273644,-0.7170978867307644,0.043452375863113346,10.327604116959728,-2.0,4.0,45.5,0.0
3.0699999999999785,1.048791224824033,-1.0693954676204238,29.377097314560306,-0.7131665628408079,0.04450402676137388,10.40319665987363,-2.0,4.0,45.5,0.0
3.0799999999999783,1.0622062562560515,-1.0679625926930874,29.4755216606829,-0.7091480264712581,0.04557968272426514,10.479753588427439,-2.0,4.0,45.5,0.0
3.089999999999978,1.0756270372727572,-1.066468736886958,29.573776654930022,-0.7050453148626781,0.046679457822694094,10.557024816274643,-2.0,4.0,45.5,0.0
3.099999999999978,1.0890545651954073,-1.0649127522886428,29.6720714660169,-0.700860890423451,0.04780348588073875,10.63517568759688,-2.0,4.0,45.5,0.0
3.1099999999999777,1.1024899593669775,-1.0632932534905297,29.770405413474496,-0.6965972294414301,0.04895190367653331,10.714163852605285,-2.0,4.0,45.5,0.0
3.1199999999999775,1.1159297132972157,-1.0616110868836568,29.868774016856477,-0.692256956577042,0.050124885436195324,10.79394492429874,-2.0,4.0,45.5,0.0
3.1299999999999772,1.1293751156269498,-1.0598648112845959,29.96717716829573,-0.6878423166356614,0.05132259329374459,10.874481121330177,-2.0,4.0,45.5,0.0
3.139999999999977,1.142825795333963,-1.0580537553047433,30.065613256143003,-0.6833555623830917,0.052545206372465604,10.955734910670307,-2.0,4.0,45.5,0.0
3.149999999999977,1.1562813692799234,-1.0561772397089855,30.164080751070983,-0.6787988575527102,0.05379291433143418,11.037670602697212,-2.0,4.0,45.5,0.0
3.1599999999999766,1.1697422315738335,-1.0542341938428883,30.26257862769724,-0.6741742501865319,0.055065903278791226,11.120254733917053,-2.0,4.0,45.5,0.0
3.1699999999999764,1.183207228697904,-1.0522243206332433,30.361106117847164,-0.6694836966625921,0.05636440193270341,11.20345559529955,-2.0,4.0,45.5,0.0
3.179999999999976,1.196676024805016,-1.0501468971072696,30.459662810612674,-0.6647290485637517,0.05768863975284868,11.287243403233308,-2.0,4.0,45.5,0.0
3.189999999999976,1.2101470322041772,-1.0480016027764496,30.558241562918553,-0.6599125787224658,0.05903882552199223,11.371583037365907,-2.0,4.0,45.5,0.0
3.1999999999999758,1.2236214849377782,-1.0457870321560994,30.656845866841397,-0.6550357313757507,0.06041518960883426,11.456451525688179,-2.0,4.0,45.5,0.0
3.2099999999999755,1.2370983594604725,-1.043502713227164,30.75527722572176,-0.6501001581781711,0.061818009666088095,11.541625082328213,-2.0,4.0,45.5,0.0
3.2199999999999753,1.2505766891477355,-1.0411481230520905,30.853737789384184,-0.6451078248279372,0.06324752804377362,11.62728185249031,-2.0,4.0,45.5,0.0
3.229999999999975,1.2640566511036508,-1.0387222289304634,30.952229066101467,-0.640060121651457,0.06470401360254027,11.713400558045526,-2.0,4.0,45.5,0.0
3.239999999999975,1.277538022246143,-1.0362241867252495,31.050750871402087,-0.6349584919016529,0.06618772683465667,11.799959341315084,-2.0,4.0,45.5,0.0
3.2499999999999747,1.2910198639383854,-1.0336533654387698,31.14929896301787,-0.6298046342442571,0.06769897195907235,11.886933338472533,-2.0,4.0,45.5,0.0
3.2599999999999745,1.3045020328637063,-1.0310088627574405,31.247873824800664,-0.624599854735921,0.0692380353183708,11.974303461968164,-2.0,4.0,45.5,0.0
3.2699999999999743,1.3179840782130092,-1.0282898651476549,31.346474241377965,-0.6193455381630315,0.07080521700805596,12.062049888394316,-2.0,4.0,45.5,0.0
3.279999999999974,1.3314654556980343,-1.0254956078231743,31.445099493911567,-0.6140429868526631,0.07240080568977089,12.150154204427412,-2.0,4.0,45.5,0.0
3.289999999999974,1.3449458436685824,-1.0226251953600667,31.543749359275495,-0.6086934351795747,0.07402514764563682,12.238599395315415,-2.0,4.0,45.5,0.0
3.2999999999999736,1.358424876961686,-1.0196777477267258,31.642423818700127,-0.6032980520314107,0.07567858366534971,12.327369480536294,-2.0,4.0,45.5,0.0
3.3099999999999734,1.37190182840245,-1.0166524176133025,31.741115614312807,-0.5978585381145454,0.07736137926345689,12.416442059740959,-2.0,4.0,45.5,0.0
3.319999999999973,1.3853764014867693,-1.0135482975132037,31.839631064175695,-0.5923756537935264,0.07907393322109516,12.505609022614523,-2.0,4.0,45.5,0.0
3.329999999999973,1.3988483956715108,-1.0103645020228773,31.938178407403697,-0.5868504060963335,0.08081661201212051,12.595064941984528,-2.0,4.0,45.5,0.0
3.3399999999999728,1.412316812183579,-1.0071001771414414,32.03674873728265,-0.5812845306962693,0.08258968303337075,12.684787925656273,-2.0,4.0,45.5,0.0
3.3499999999999726,1.4257815709506971,-1.003754358611206,32.13534762816047,-0.5756785682360465,0.08439358565987562,12.77477119926077,-2.0,4.0,45.5,0.0
3.3599999999999723,1.4392423471555218,-1.0003260782901757,32.23397540363688,-0.5700334311717158,0.08622871837911103,12.865003372657469,-2.0,4.0,45.5,0.0
3.369999999999972,1.4526979859545264,-0.9968145176810199,32.332621718581024,-0.5643509118018191,0.08809534068271313,12.955462993350954,-2.0,4.0,45.5,0.0
3.379999999999972,1.466148581962044,-0.9932186276868276,32.43129365928373,-0.5586313365125335,0.08999393925231479,13.046146582212998,-2.0,4.0,45.5,0.0
3.3899999999999717,1.4795930909907868,-0.9895375063244998,32.52998285626985,-0.5528762794835059,0.09192486080297699,13.137035757086034,-2.0,4.0,45.5,0.0
3.3999999999999715,1.4930316428077361,-0.9857701173145111,32.628696063847876,-0.5470860568977931,0.0938885196599175,13.228127760598912,-2.0,4.0,45.5,0.0
3.4099999999999713,1.5064637196030377,-0.9819154451811012,32.72743223886082,-0.5412616009676726,0.09588536630161035,13.31941252798082,-2.0,4.0,45.5,0.0
3.419999999999971,1.519888133096692,-0.977972577541091,32.82618205809918,-0.535404526541491,0.09791575384162331,13.410872180768513,-2.0,4.0,45.5,0.0
3.429999999999971,1.5333050941277233,-0.9739403839305504,32.92475544340001,-0.5295149708679183,0.09998013717387091,13.502308510675082,-2.0,4.0,45.5,0.0
3.4399999999999706,1.5467141888230427,-0.9698178549439813,33.02335879853118,-0.5235938201835386,0.10207898275285299,13.593920236970789,-2.0,4.0,45.5,0.0
3.4499999999999704,1.5601142836081874,-0.9656040238932961,33.12198443798555,-0.517642498174169,0.1042126458191168,13.685692357978985,-2.0,4.0,45.5,0.0
3.45999999999997,1.5735053703147484,-0.9612977392016667,33.22063717431584,-0.5116613331960538,0.10638164889387891,13.777622766678638,-2.0,4.0,45.5,0.0
3.46999999999997,1.586887059657708,-0.9568978912503164,33.31931699880953,-0.5056510371897307,0.10858646881797092,13.869704891511205,-2.0,4.0,45.5,0.0
3.47999999999997,1.6002581543122052,-0.9524035223760424,33.418014891908015,-0.4996131256768699,0.11082745107794523,13.961923496391938,-2.0,4.0,45.5,0.0
3.4899999999999696,1.613618753478739,-0.9478134086981677,33.516737018872185,-0.49354776283305124,0.1131051655807775,14.054278850485051,-2.0,4.0,45.5,0.0
3.4999999999999694,1.6269679033000588,-0.9431265080393892,33.61547718161993,-0.4874561866349632,0.11542001850699264,14.146759178079986,-2.0,4.0,45.5,0.0
3.509999999999969,1.6403055061563072,-0.9383416031951296,33.714239383988144,-0.48133874093931617,0.11777256022181688,14.239363193855251,-2.0,4.0,45.5,0.0
3.519999999999969,1.653630714958365,-0.9334575990256424,33.813018787842466,-0.4751965289948359,0.12016323110608962,14.332081054135307,-2.0,4.0,45.5,0.0
3.5299999999999687,1.6669433389550743,-0.9284732623912915,33.911818396037845,-0.4690299686360646,0.12259258213610558,14.424911025384358,-2.0,4.0,45.5,0.0
3.5399999999999685,1.6802428537478125,-0.9233873637493739,34.010439721821086,-0.4628397476222581,0.1250611383375428,14.517650126648144,-2.0,4.0,45.5,0.0
3.5499999999999683,1.6935284392944665,-0.9181988372440912,34.109084326351955,-0.4566270624126574,0.12756932881088898,14.61049569146471,-2.0,4.0,45.5,0.0
3.559999999999968,1.7067999223361083,-0.912906357595653,34.2077561528894,-0.45039219979516776,0.1301177526999959,14.703447636781627,-2.0,4.0,45.5,0.0
3.569999999999968,1.7200564239188245,-0.9075087613709696,34.306450021253035,-0.4441362405745365,0.1327068829003703,14.79649699207441,-2.0,4.0,45.5,0.0
3.5799999999999677,1.733297762782046,-0.9020047271759007,34.40516870245449,-0.4378595539951017,0.13533731318048847,14.88964294139015,-2.0,4.0,45.5,0.0
3.5899999999999674,1.746523131194377,-0.8963930419393393,34.50390799328803,-0.431563128622079,0.13800954658222064,14.982877893965304,-2.0,4.0,45.5,0.0
3.5999999999999672,1.759732284467631,-0.8906723601452554,34.60266998979646,-0.4252473922723663,0.14072418148371213,15.076200747314806,-2.0,4.0,45.5,0.0
3.609999999999967,1.7729244605957537,-0.8848414234259682,34.701451144490505,-0.41891327236091946,0.1434817460927737,15.169604933773153,-2.0,4.0,45.5,0.0
3.619999999999967,1.7860993735137474,-0.8788988566702822,34.80025313287531,-0.41256123312228066,0.1462828480128282,15.263089281768918,-2.0,4.0,45.5,0.0
3.6299999999999666,1.7992562936291019,-0.8728433579854478,34.89907287845318,-0.40619215931328867,0.14912803798154067,15.356648024055215,-2.0,4.0,45.5,0.0
3.6399999999999664,1.8123949058333089,-0.8666735193848281,34.99791177916739,-0.39980653995008275,0.15201793544972905,15.450280027720463,-2.0,4.0,45.5,0.0
3.649999999999966,1.8255144034985271,-0.8603879810900174,35.09656873055183,-0.3934052511675219,0.15495311303110437,15.54378178878245,-2.0,4.0,45.5,0.0
3.659999999999966,1.8386146632490268,-0.8539853353137815,35.19525279079697,-0.38698875270782196,0.15793420129173524,15.637360133155587,-2.0,4.0,45.5,0.0
3.6699999999999657,1.8516948889381046,-0.8474641830312193,35.29396109846304,-0.38055789773416215,0.16096179230812963,15.731010073784883,-2.0,4.0,45.5,0.0
3.6799999999999655,1.8647547259533606,-0.8408230489652229,35.39269428891113,-0.3741132087063087,0.16403653241304722,15.824730255217293,-2.0,4.0,45.5,0.0
3.6899999999999653,1.8777935087771997,-0.8340605050073531,35.491449769594986,-0.3676554947716077,0.16715903375900515,15.918516218694062,-2.0,4.0,45.5,0.0
3.699999999999965,1.890810870099939,-0.8271750364729702,35.590228103038726,-0.3611852913564579,0.17032995829232703,16.012366771734733,-2.0,4.0,45.5,0.0
3.709999999999965,1.9038061615621265,-0.8201651695068702,35.6890269413541,-0.3547033927390206,0.1735499386704022,16.106277920998295,-2.0,4.0,45.5,0.0
3.7199999999999647,1.9167790054425669,-0.8130293484308606,35.78784679144283,-0.34821034651727867,0.17681965317778656,16.200248631707876,-2.0,4.0,45.5,0.0
3.7299999999999645,1.929728769423322,-0.8057660525797492,35.88668551939688,-0.3417069351537325,0.1801397551182653,16.294275325977274,-2.0,4.0,45.5,0.0
3.7399999999999642,1.9426550678222911,-0.7983736836467754,35.98554358838308,-0.33519371787355107,0.18351093978829794,16.38835711903177,-2.0,4.0,45.5,0.0
3.749999999999964,1.9555572833654977,-0.7908506731360705,36.08441905184438,-0.3286714684981841,0.18693388119454113,16.482490798865392,-2.0,4.0,45.5,0.0
3.759999999999964,1.9684349084063266,-0.783195367342675,36.1831139549496,-0.3221407859351827,0.19040929175449325,16.57647722359976,-2.0,4.0,45.5,0.0
3.7699999999999636,1.9812875822368965,-0.7754061786117875,36.28183436451581,-0.3156023789771875,0.19393786578781033,16.67052137837217,-2.0,4.0,45.5,0.0
3.7799999999999634,1.9941147817548235,-0.7674814130718726,36.38058025195048,-0.3090568597531752,0.1975203322029548,16.764622200967924,-2.0,4.0,45.5,0.0
3.789999999999963,2.0069159158107945,-0.7594194091300258,36.479349550738185,-0.302504990783735,0.20115740578100633,16.858776679454174,-2.0,4.0,45.5,0.0
3.799999999999963,2.0196905871464,-0.7512184367286345,36.57814223829198,-0.2959473651263292,0.20484983488907987,16.952983910538208,-2.0,4.0,45.5,0.0
3.8099999999999627,2.0324382180450384,-0.7428767822258036,36.67695640944759,-0.2893847433320751,0.20859835582277064,17.04724117927812,-2.0,4.0,45.5,0.0
3.8199999999999625,2.0451583284220187,-0.7343926889158167,36.775791403980406,-0.2828177871419851,0.21240372720678197,17.141547075717348,-2.0,4.0,45.5,0.0
3.8299999999999623,2.0578505144418915,-0.7257643483768966,36.87464693426709,-0.2762471311244603,0.21626672538588204,17.235900627008014,-2.0,4.0,45.5,0.0
3.839999999999962,2.0705142359526376,-0.7169899633398972,36.973521537661874,-0.26967351199800227,0.22018812236127866,17.33029973806992,-2.0,4.0,45.5,0.0
3.849999999999962,2.08314908357882,-0.7080676770897086,37.07241502756655,-0.263097572827796,0.22416871409576888,17.424743647511033,-2.0,4.0,45.5,0.0
3.8599999999999617,2.09575452496289,-0.6989956375644046,37.17132598634226,-0.25652005985449816,0.22820929387913225,17.519230411934057,-2.0,4.0,45.5,0.0
3.8699999999999615,2.108330027618392,-0.6897719265289262,37.27005593649567,-0.24994165444006627,0.23231067759471546,17.613561068956024,-2.0,4.0,45.5,0.0
3.8799999999999613,2.120875342527375,-0.6803946570350323,37.368811351764315,-0.2433630424823754,0.23647368199978214,17.70794167082413,-2.0,4.0,45.5,0.0
3.889999999999961,2.133389864581101,-0.6708618826629509,37.46759127962707,-0.2367849557830013,0.24069913553648803,17.802370866830763,-2.0,4.0,45.5,0.0
3.899999999999961,2.145873206002636,-0.6611716086815705,37.56639508544389,-0.23020806813864775,0.2449878873575626,17.896847682080214,-2.0,4.0,45.5,0.0
3.9099999999999606,2.158324871558056,-0.6513218434609517,37.66522125088799,-0.22363312762709242,0.24934078696176432,17.991370300286007,-2.0,4.0,45.5,0.0
3.9199999999999604,2.170744470819501,-0.6413105379471447,37.76406926969204,-0.21706081809362487,0.25375870447298343,18.085937953948196,-2.0,4.0,45.5,0.0
3.92999999999996,2.1831315185777735,-0.6311356387991679,37.86293767460177,-0.21049190054157302,0.2582425122865404,18.180548950920556,-2.0,4.0,45.5,0.0
3.93999999999996,2.1954855764098395,-0.6207950548038217,37.961825667290974,-0.20392709688594834,0.2627930978851216,18.275202303301928,-2.0,4.0,45.5,0.0
3.9499999999999598,2.207806279551037,-0.6102866364912308,38.060732734064196,-0.1973671115438016,0.26741136787489056,18.369897346708917,-2.0,4.0,45.5,0.0
3.9599999999999596,2.2200931694394743,-0.5996082335241144,38.159657631650724,-0.19081270687799187,0.2720982318318139,18.464632714369518,-2.0,4.0,45.5,0.0
3.9699999999999593,2.232345878517505,-0.5887576385095032,38.258599953990206,-0.1842645991272675,0.27685461798846234,18.559407911837845,-2.0,4.0,45.5,0.0
3.979999999999959,2.2445638123945804,-0.5777326343877651,38.357360117295094,-0.17772360495304435,0.2816814559763756,18.654023279004974,-2.0,4.0,45.5,0.0
3.989999999999959,2.2567468695454282,-0.566530977063757,38.45614529752655,-0.1711903902502953,0.28657969851509435,18.748685968068166,-2.0,4.0,45.5,0.0
3.9999999999999587,2.2688945517203285,-0.5551503599957611,38.554954657357186,-0.16466573293745762,0.29155030562466955,18.843395123508984,-2.0,4.0,45.5,0.0
4.009999999999959,2.281006436331377,-0.5435884719218611,38.65378672372195,-0.15815041426509777,0.2965942470643821,18.93814929071372,-2.0,4.0,45.5,0.0
4.019999999999959,2.293082184167844,-0.5318429435860896,38.75264076911974,-0.15164518162242757,0.30171250977182673,19.03294779237377,-2.0,4.0,45.5,0.0
4.0299999999999585,2.3051213875977328,-0.519911391169267,38.85151537235027,-0.1451508311825478,0.3069060887187777,19.12778927070234,-2.0,4.0,45.5,0.0
4.039999999999958,2.3171236696859503,-0.5077913925108721,38.95040961155084,-0.13866813966523855,0.3121759915819133,19.222672897880226,-2.0,4.0,45.5,0.0
4.049999999999958,2.3290887293778484,-0.4954804595941362,39.049322804644426,-0.1321978720082626,0.3175232463184425,19.317598112855418,-2.0,4.0,45.5,0.0
4.059999999999958,2.341016185673813,-0.4829760966632549,39.14825370660421,-0.12574083234357408,0.32294888781752457,19.412563802655733,-2.0,4.0,45.5,0.0
4.069999999999958,2.3529056837241566,-0.47027576882125255,39.2472014778568,-0.11929781700854396,0.32845396228882606,19.50756928452989,-2.0,4.0,45.5,0.0
4.079999999999957,2.364756944689448,-0.45737687303147884,39.34616549186057,-0.11286961301814806,0.3340395365933926,19.602614114626665,-2.0,4.0,45.5,0.0
4.089999999999957,2.3765694468189054,-0.4442768063854987,39.44494627569208,-0.10645708372924645,0.3397066787856798,19.697498996803006,-2.0,4.0,45.5,0.0
4.099999999999957,2.388343201664668,-0.4309729123094275,39.54375088516872,-0.10006094574080757,0.3454564851769586,19.792431213008594,-2.0,4.0,45.5,0.0
4.109999999999957,2.400077770716807,-0.41746248946257025,39.6425783245781,-0.09368205751099981,0.35129005141717684,19.887409985496372,-2.0,4.0,45.5,0.0
4.119999999999957,2.4117728184049514,-0.40374281816372387,39.7414271513413,-0.0873212474615989,0.35720849036597535,19.982434118551716,-2.0,4.0,45.5,0.0
4.129999999999956,2.4234280826833157,-0.38981111654671696,39.84029647398196,-0.08097933755256996,0.3632129282714746,20.07750299073357,-2.0,4.0,45.5,0.0
4.139999999999956,2.435043244452906,-0.3756645807051413,39.93918489381707,-0.07465717201858976,0.3693045050824342,20.172615484411907,-2.0,4.0,45.5,0.0
4.149999999999956,2.446618005652314,-0.36130036642108637,40.03809138747077,-0.06835559359888776,0.3754843701638464,20.26777087388324,-2.0,4.0,45.5,0.0
4.159999999999956,2.4581521489080873,-0.3467155540109494,40.137015143771876,-0.062075436880501614,0.38175369438082457,20.362968667913123,-2.0,4.0,45.5,0.0
4.1699999999999555,2.4696453781168595,-0.3319072121839991,40.2359548956907,-0.05581755842865736,0.3881136590939071,20.45820792701853,-2.0,4.0,45.5,0.0
4.179999999999955,2.4810974166236286,-0.3168723687060244,40.334909707246965,-0.049582819678835946,0.39456545383736236,20.553488056448657,-2.0,4.0,45.5,0.0
4.189999999999955,2.492507885544556,-0.30160799187836596,40.433680459805345,-0.043372129876857436,0.4011102795213102,20.64861029009092,-2.0,4.0,45.5,0.0
4.199999999999955,2.5038768875176185,-0.28611099720151273,40.532473828381995,-0.03718624615439123,0.4077493757432311,20.743781675324232,-2.0,4.0,45.5,0.0
4.209999999999955,2.5152039613387505,-0.2703783159445971,40.63128852752087,-0.031026106234662627,0.414483956982199,20.83900129270832,-2.0,4.0,45.5,0.0
4.2199999999999545,2.5264889254125915,-0.2544067790568761,40.730123456159944,-0.02489258287488737,0.4213152711844561,20.93426844609214,-2.0,4.0,45.5,0.0
4.229999999999954,2.537731515519246,-0.23819320619557335,40.82897712172526,-0.018786559017755177,0.4282445782374271,21.029582053632947,-2.0,4.0,45.5,0.0
4.239999999999954,2.5489314841541115,-0.2217343750424099,40.92784833349379,-0.012708930442567361,0.435273143773772,21.124941344662375,-2.0,4.0,45.5,0.0
4.249999999999954,2.5600886662890017,-0.20502698048705031,41.0267360997354,-0.0066605869111953375,0.4424022557034739,21.220345774540235,-2.0,4.0,45.5,0.0
4.259999999999954,2.5712028080921585,-0.18806770779008355,41.12563904060614,-0.000642425606379432,0.44963321392818045,21.315794408925075,-2.0,4.0,45.5,0.0
4.269999999999953,2.582273670873815,-0.17085320080794172,41.22455606302132,0.005344641569866642,0.4569673228519573,21.411286614672072,-2.0,4.0,45.5,0.0
4.279999999999953,2.5933010990587535,-0.15338001876979104,41.32348626684272,0.011299708445402974,0.46440590899766043,21.50682197802065,-2.0,4.0,45.5,0.0
4.289999999999953,2.6042848422294176,-0.13564471325762623,41.422428361455346,0.01722186448995805,0.4719503110311294,21.602399690959153,-2.0,4.0,45.5,0.0
4.299999999999953,2.6152244601478603,-0.11764382796407137,41.521182969669205,0.02311011837010931,0.4796018544939926,21.697820854204547,-2.0,4.0,45.5,0.0
4.3099999999999525,2.626120218283858,-0.09937373857430651,41.61995709146954,0.028963678633147062,0.4873619292063882,21.793292983162882,-2.0,4.0,45.5,0.0
4.319999999999952,2.6369694676732003,-0.08082980588064584,41.71873648069266,0.03478155580009458,0.49523188737666857,21.88881493376315,-2.0,4.0,45.5,0.0
4.329999999999952,2.647760220687458,-0.0620025049547728,41.81745177011152,0.040563433900320744,0.5032133885909911,21.984392101958036,-2.0,4.0,45.5,0.0
4.339999999999952,2.6584808214573687,-0.042882557510714445,41.91603594281603,0.04631158031918054,0.5113093865313338,22.080056318607685,-2.0,4.0,45.5,0.0
4.349999999999952,2.6691197672152014,-0.023461046241939797,42.014423682231275,0.05202752632177267,0.5195225526032434,22.175831671802655,-2.0,4.0,45.5,0.0
4.3599999999999515,2.679665817086388,-0.00372938604912771,42.112551995326704,0.057712164329956316,0.527855305970359,22.271736387455412,-2.0,4.0,45.5,0.0
4.369999999999951,2.6901110759941673,0.016322181100743457,42.21036308502938,0.0673338669819437,0.5383484432254324,22.4107491021634,-2.0,4.0,45.5,0.0
4.379999999999951,2.700438153023088,0.036698361393615445,42.30779091218344,0.07250109921399785,0.5466928645447453,22.50201570861009,-2.0,4.0,45.5,0.0
4.389999999999951,2.7106402579744677,0.05740856591715435,42.40478244001015,0.07768824916726305,0.5551894240017514,22.593994909591395,-2.0,4.0,45.5,0.0
4.399999999999951,2.7207068477087355,0.07845997964545447,42.5010841151808,0.08288851512365629,0.563836793713536,22.686425756646752,-2.0,4.0,45.5,0.0
4.40999999999995,2.7306282254850287,0.09985950431873365,42.59685071942066,0.08809576240788533,0.5726339531449316,22.779458873283467,-2.0,4.0,45.5,0.0
4.41999999999995,2.740394261587953,0.12161357109416289,42.69203044825148,0.09330404208965959,0.5815800408247096,22.873040974281942,-2.0,4.0,45.5,0.0
4.42999999999995,2.7499951683422266,0.14372823551926922,42.78657341397435,0.0985078014990464,0.5906743815562265,22.967122934057123,-2.0,4.0,45.5,0.0
4.43999999999995,2.7594224440263435,0.16620940120665315,42.88043321372137,0.10765742732500883,0.6021888395048922,23.1042105338916,-2.0,4.0,45.5,0.0
4.4499999999999496,2.7686672176250546,0.1890623313989499,42.97356552574949,0.11236803821867625,0.6113089749261942,23.194113775020515,-2.0,4.0,45.5,0.0
4.459999999999949,2.777721188370643,0.21229209484494796,43.065928135110575,0.11711153248982602,0.6206062056054673,23.284948145094614,-2.0,4.0,45.5,0.0
4.469999999999949,2.7865766234026434,0.2359038432426892,43.157480780851145,0.12187748105393584,0.6300772256701492,23.37661340513584,-2.0,4.0,45.5,0.0
4.479999999999949,2.795225556624321,0.25990177168522965,43.24818415778343,0.12665647149164275,0.6397188329338874,23.46901789473618,-2.0,4.0,45.5,0.0
4.489999999999949,2.803659347296221,0.2842892860452608,43.33799975323265,0.13536119401519292,0.6519888582243141,23.604120405606658,-2.0,4.0,45.5,0.0
4.4999999999999485,2.81187142561122,0.3090708576131535,43.42689302525354,0.13965214487104305,0.6616574076074749,23.692523025047908,-2.0,4.0,45.5,0.0
4.509999999999948,2.8198535593128793,0.33424928840239154,43.5146308489378,0.1439866765173328,0.6715239543090732,23.781827102498223,-2.0,4.0,45.5,0.0
4.519999999999948,2.827598685615081,0.35982743072152457,43.60138835045545,0.14835182299704644,0.6815829071324497,23.872110970587308,-2.0,4.0,45.5,0.0
4.529999999999948,2.8350991026158647,0.38580752175293825,43.68713405307079,0.15273539144692097,0.6918291556748047,23.963256155506222,-2.0,4.0,45.5,0.0
4.539999999999948,2.842347491225216,0.41219148744561995,43.77183778116771,0.15712619743104744,0.7022581229204139,24.05515391131619,-2.0,4.0,45.5,0.0
4.549999999999947,2.8493346724424713,0.43897958701908674,43.855469691143995,0.16526394234060865,0.7154338527252496,24.18781214179092,-2.0,4.0,45.5,0.0
4.559999999999947,2.8560570202219604,0.4661751334382881,43.93800482593275,0.16912090967962,0.7258614788230968,24.275385496693794,-2.0,4.0,45.5,0.0
4.569999999999947,2.8625059387695604,0.49377781797960907,44.019417018206916,0.173016478221129,0.7365018289710061,24.36408234039407,-2.0,4.0,45.5,0.0
4.579999999999947,2.8686744306069576,0.5217878642820367,44.099682209853135,0.17693521196533984,0.7473469344977222,24.45375001975199,-2.0,4.0,45.5,0.0
4.589999999999947,2.874555612463797,0.5502050878167171,44.17877792697583,0.18086267818403462,0.7583893943337525,24.544247080061677,-2.0,4.0,45.5,0.0
4.599999999999946,2.8801427305488256,0.5790289177528023,44.25668294789582,0.1847852792320701,0.7696222528138428,24.63544090335447,-2.0,4.0,45.5,0.0
4.609999999999946,2.885428766808265,0.6082581976708538,44.33317920503892,0.18868991744048463,0.7810387772660885,24.727007550015717,-2.0,4.0,45.5,0.0
4.619999999999946,2.8904061299630666,0.6378905630131778,44.40845504956309,0.19592463830382562,0.7951707897274395,24.854974227409013,-2.0,4.0,45.5,0.0
4.629999999999946,2.8950690366460705,0.6679247560432309,44.48249532905776,0.19917543117406572,0.8064960423518546,24.94112807820394,-2.0,4.0,45.5,0.0
4.6399999999999455,2.899414203265953,0.6983604923876788,44.5552850601808,0.2024474333040338,0.8180432714307937,25.028326722803328,-2.0,4.0,45.5,0.0
4.649999999999945,2.903433015778471,0.7291935646541832,44.626809148366874,0.20571992374579656,0.8297987610210722,25.116359205397703,-2.0,4.0,45.5,0.0
4.659999999999945,2.9071192323022643,0.760420843136906,44.69705465368039,0.20897214780076823,0.8417489697613281,25.20501885681515,-2.0,4.0,45.5,0.0
4.669999999999945,2.9104667257359105,0.7920388064294616,44.76601010343933,0.21218303496737084,0.8538798380333217,25.294096327457286,-2.0,4.0,45.5,0.0
4.679999999999945,2.9134695894369242,0.8240436374326214,44.83366517497987,0.2153304525499955,0.8661761836572897,25.383371436294397,-2.0,4.0,45.5,0.0
4.689999999999944,2.9161218474274166,0.8564310062811705,44.90001089871904,0.21839010432171335,0.8786207244235911,25.47260209358183,-2.0,4.0,45.5,0.0
4.699999999999944,2.918417758086671,0.8891962781833962,44.96503981778154,0.22133390730001784,0.8911926923452782,25.56150702670708,-2.0,4.0,45.5,0.0
4.709999999999944,2.9232574513563434,0.9027014232279518,45.02513594670197,0.2133409677282608,0.9052780677217456,25.64971258804919,-2.0,4.0,45.5,1.3205240268689495
4.719999999999944,2.93011085012566,0.9043130335646626,45.08487580289214,0.21005532322887177,0.9121809136276973,25.736825517266396,-2.0,4.0,45.5,1.0560749895161985
4.729999999999944,2.9370641712561705,0.9063740840314378,45.14567636086943,0.2146778904113411,0.9134501296921851,25.82224241104335,-2.0,4.0,45.5,0.1045252391384446
4.739999999999943,2.9438565834797306,0.9087826155502722,45.20532578886052,0.21952568902107572,0.9141189305558548,25.904459391795125,-2.0,4.0,45.5,0.03537053969245335
4.749999999999943,2.9500882807087345,0.9154751475250631,45.26386115863618,0.22542216085801314,0.9168531162456528,25.998414709124653,-2.0,4.0,45.5,0.029826108425479683
4.759999999999943,2.9549631488627686,0.9245803374267906,45.32121172888763,0.23657897466740962,0.9239387612147638,26.148961370012522,-2.0,4.0,45.5,0.021392625903501016
4.769999999999943,2.961241381849801,0.929554803366526,45.377125045489485,0.2480114072583995,0.9293012379975669,26.2966810321239,-2.0,4.0,45.5,0.02524225267301685
4.7799999999999425,2.9624486450353373,0.950136805737683,45.432072787644586,0.25737138056236475,0.9400977972259703,26.441496323430453,-2.0,4.0,45.5,0.015725240086848037
4.789999999999942,2.9661417181670022,0.9587725332876748,45.48558631895217,0.2674191950903584,0.9463663442376138,26.583814782079777,-2.0,4.0,45.5,0.024328964863202598
4.799999999999942,2.969745936510315,0.9684127302352588,45.53778405952322,0.27723052559083083,0.9527906301704085,26.723557633013314,-2.0,4.0,45.5,0.02464835039271854
4.809999999999942,2.9721461391339083,0.9816839781347426,45.588760663468584,0.2863960246396289,0.9603633196169241,26.86077905860417,-2.0,4.0,45.5,0.023212276465583968
4.819999999999942,2.97397138690934,0.9960758300094181,45.63829069476413,0.2951515465518604,0.9681775649754361,26.995369192124194,-2.0,4.0,45.5,0.023354697066035917
4.8299999999999415,2.975382701572819,1.0111865614260038,45.686579102309736,0.3035608771197822,0.9760918492717765,27.127579840468552,-2.0,4.0,45.5,0.0237338853687267
4.839999999999941,2.9763893158138877,1.0269761081324962,45.7336354532339,0.311629135522697,0.9840970749920128,27.25742942413502,-2.0,4.0,45.5,0.02412498860046334
4.849999999999941,2.9770050043789498,1.0433895416430037,45.77946999470357,0.31936048460582006,0.9921763655432461,27.384908133529173,-2.0,4.0,45.5,0.02454102756193325
4.859999999999941,2.977248551800264,1.0603649934530894,45.824093397552986,0.32675749466984527,1.0003071556487857,27.50996874948073,-2.0,4.0,45.5,0.024988355433450914
4.869999999999941,2.977128264753555,1.0778721771019841,45.86751772899847,0.3338137895033526,1.0084750874075201,27.63251277598913,-2.0,4.0,45.5,0.02544743061959139
4.87999999999994,2.9766551519051228,1.0958712766081977,45.909755538791686,0.3405169504722814,1.0166570105287678,27.75237000657275,-2.0,4.0,45.5,0.02592535909931037
4.88999999999994,2.975845188377117,1.1143150432186193,45.95081952519118,0.3468461184132785,1.0248193892163986,27.869265545984,-2.0,4.0,45.5,0.026428470678943418
4.89999999999994,2.9747081299178393,1.133175389285262,45.99072328248429,0.35276221207585234,1.0329249292093223,27.982766059305316,-2.0,4.0,45.5,0.02694523477462252
4.90999999999994,2.973979501316209,1.1514873796126264,46.02941996065386,0.3585025598768681,1.040541150497969,28.09218982504219,-2.0,4.0,45.5,0.02764611979237371
4.9199999999999395,2.9729197047876994,1.169972126571675,46.066794999864165,0.3636560872611412,1.0478819743565921,28.196259808394483,-2.0,4.0,45.5,0.028311537004171876
4.929999999999939,2.9716028688874196,1.1887320779816593,46.10306187165173,0.36807725237881783,1.0548666120772872,28.293429836292024,-2.0,4.0,45.5,0.028939048344817534
4.939999999999939,2.9700348826512317,1.2077539557125572,46.13823660300567,0.3714865581097726,1.0612897442809182,28.380890660948552,-2.0,4.0,45.5,0.02957577641303898
4.949999999999939,2.968223969829382,1.2270244521118727,46.172332802889166,0.3735028570502159,1.066864802552544,28.45483717584319,-2.0,4.0,45.5,0.030222645579296104
4.959999999999939,2.9661837854551774,1.2465166825127134,46.205368814595715,0.37461036267026054,1.071881378195197,28.52009557766865,-2.0,4.0,45.5,0.03088784297757892
4.9699999999999385,2.964101869800217,1.2659345587739321,46.23754659933033,0.3804377482778492,1.079971768116156,28.631713600669748,-2.0,4.0,45.5,0.03176685088691739
4.979999999999938,2.9618026387114043,1.2855671183951856,46.26868936784936,0.3877816766968003,1.0891593710040421,28.75839359772898,-2.0,4.0,45.5,0.0324486548261747
4.989999999999938,2.959293558909033,1.3054009429201956,46.29881474388927,0.3949647359161333,1.098327219217717,28.883530540715686,-2.0,4.0,45.5,0.033144410462750615
4.999999999999938,2.956593749289975,1.3254021425884779,46.32793988750395,0.40200042577229667,1.1074693350098939,29.007182775910557,-2.0,4.0,45.5,0.03386614605824464
5.009999999999938,2.953708635244539,1.345570879815453,46.35608291523918,0.40889613428977983,1.1165931178186455,29.12940143716329,-2.0,4.0,45.5,0.03459222255406212
5.019999999999937,2.9506499590370723,1.3658905402564538,46.383261881011265,0.41566139986069206,1.1256980988878702,29.250230061712053,-2.0,4.0,45.5,0.03533409144690096
5.029999999999937,2.947218486210282,1.386617672152129,46.4093129694988,0.4222137758884942,1.1349002834491626,29.369504329247167,-2.0,4.0,45.5,0.03588356360942306
5.039999999999937,2.943649576473307,1.407441393015035,46.43444516183744,0.42865676504317207,1.1440720938988636,29.48745457136018,-2.0,4.0,45.5,0.0366654332629913
5.049999999999937,2.9399523041087177,1.428355802319641,46.4586768855468,0.43499595383944367,1.1532139450891883,29.60408707276894,-2.0,4.0,45.5,0.03745701854233101
5.0599999999999365,2.936140222979959,1.449345272575457,46.482026459860776,0.44123679409333516,1.1623205119126503,29.719386977830727,-2.0,4.0,45.5,0.03826777024499773
5.069999999999936,2.9322263463159572,1.4704009434065746,46.50451218790418,0.44738157523750754,1.1713870066027177,29.833308482338026,-2.0,4.0,45.5,0.03909464615672119
5.079999999999936,2.928215276692691,1.4915196462871207,46.526147874678784,0.45308937769091895,1.180188125257487,29.942493792722978,-2.0,4.0,45.5,0.0399094245654727
5.089999999999936,2.924107452173341,1.5127007391264449,46.5469467356042,0.4582764764170939,1.188680670160082,30.046147148008963,-2.0,4.0,45.5,0.04070474442694292
5.099999999999936,2.9199102607185212,1.5339364851974586,46.56692201583775,0.46295511223317476,1.196880947965784,30.144385751326034,-2.0,4.0,45.5,0.04148848136765834
5.1099999999999355,2.9156270033395373,1.555225300478004,46.58608776977606,0.4671293014258211,1.2048016751282873,30.237262396101436,-2.0,4.0,45.5,0.042258001732705525
5.119999999999935,2.9112598796423437,1.5765648049351775,46.604458692170184,0.47079257349825465,1.212446312155123,30.32473053124602,-2.0,4.0,45.5,0.04301523265036451
5.129999999999935,2.9068227540217966,1.5979391054326888,46.6220490820502,0.4739275058902095,1.2197984668524386,30.406582032214867,-2.0,4.0,45.5,0.0437733109833422
5.139999999999935,2.9019906599151275,1.6196465330126024,46.638702165035895,0.47633477012377057,1.2269644349048934,30.48215666484691,-2.0,4.0,45.5,0.04424410596567951
5.149999999999935,2.8971086871231386,1.6413615453084474,46.65461436508767,0.47810415751330027,1.233747522399888,30.551009988545154,-2.0,4.0,45.5,0.044992071074862576
5.159999999999934,2.892554229088436,1.6627614809521936,46.66996987116939,0.4798574488541193,1.2403110716683337,30.617713850763245,-2.0,4.0,45.5,0.04604892878225144
5.169999999999934,2.887949513524624,1.6841847568695492,46.684607777051205,0.4825354372162316,1.2476222105348889,30.693007537051244,-2.0,4.0,45.5,0.04678918608641569
5.179999999999934,2.883315984968117,1.7056067796977317,46.69854352479603,0.4848992323991369,1.2547936657780172,30.76470067215043,-2.0,4.0,45.5,0.047553231820427824
5.189999999999934,2.8786595980203096,1.727023004901696,46.71179385278336,0.486965719256812,1.261837009528964,30.832951864981077,-2.0,4.0,45.5,0.04832251312507442
5.199999999999934,2.873993614076378,1.7484219491255604,46.724375153513876,0.48875465330144163,1.2687593777176858,30.897912751423224,-2.0,4.0,45.5,0.04910618684801458
5.209999999999933,2.8693262711502467,1.769798415149142,46.73630430960572,0.49028287040044205,1.2755697772380687,30.95972844013362,-2.0,4.0,45.5,0.049901478536513846
5.219999999999933,2.8646808194543274,1.7911314924589554,46.74759731282956,0.491573791532261,1.2822687864829696,31.018537751785242,-2.0,4.0,45.5,0.050726108481291804
5.229999999999933,2.8600642834280863,1.8124205606132735,46.758271268133825,0.4926426815597331,1.2888656220650674,31.074473478633685,-2.0,4.0,45.5,0.05156561968822056
5.239999999999933,2.855492980301264,1.83365426610254,46.768342768242825,0.49350868491789884,1.2953636219711484,31.127662786103077,-2.0,4.0,45.5,0.05243300594997531
5.2499999999999325,2.8509860922093138,1.854820811258212,46.777828178986205,0.4941918596919379,1.3017651197002031,31.178227372029518,-2.0,4.0,45.5,0.053333670246402995
5.259999999999932,2.8465612724262934,1.8759112679143781,46.78674396120682,0.49471109998457763,1.3080730986039484,31.226283745447745,-2.0,4.0,45.5,0.0542696117772914
5.269999999999932,2.842243101784341,1.8969120276639133,46.79510603329357,0.4950881640406132,1.3142876696632764,31.271943451092646,-2.0,4.0,45.5,0.05525161581998049
5.279999999999932,2.8380579779380946,1.917812028145091,46.80293000842839,0.49534528913485343,1.320409551169497,31.31531322860735,-2.0,4.0,45.5,0.05628519328606836
5.289999999999932,2.834034191216269,1.9386009117696152,46.810231241919986,0.49550522726055835,1.3264392607308473,31.356495322337743,-2.0,4.0,45.5,0.05737766433404269
5.299999999999931,2.830222101441757,1.9592577162992828,46.81702309703986,0.4956010001580859,1.3323717012838967,31.395587322968158,-2.0,4.0,45.5,0.05855635652054244
5.309999999999931,2.8266889922057863,1.9797609156335498,46.8233170618972,0.4956734605680744,1.3382010445881392,31.43268229166595,-2.0,4.0,45.5,0.05984525282734752
5.319999999999931,2.822973819953756,2.000319668445718,46.829167948231174,0.49549040879822925,1.344034651830533,31.467879219898236,-2.0,4.0,45.5,0.06195743217469325
5.329999999999931,2.8190144378452224,2.020952969725802,46.83460354968166,0.4950473892322299,1.349883324588042,31.501266783845658,-2.0,4.0,45.5,0.06279849838268489
5.339999999999931,2.8148120105631014,2.041648236834522,46.83964243745286,0.494355984254515,1.3557443259149373,31.53292881669247,-2.0,4.0,45.5,0.06331752030919746
5.34999999999993,2.8103719117403676,2.062389482373493,46.844301718974,0.49342559248567863,1.3616133892638622,31.56294556337435,-2.0,4.0,45.5,0.06378690769202343
5.35999999999993,2.805690483447404,2.083163779287667,46.84859778036415,0.4922553174015647,1.3674879301319756,31.59139415998202,-2.0,4.0,45.5,0.06460222046934068
5.36999999999993,2.7997962686045987,2.104335387132702,46.85263607385008,0.49037946608716254,1.373547946962443,31.61836796371829,-2.0,4.0,45.5,0.06433898660203405
5.37999999999993,2.7903196759533926,2.12696866267084,46.85643871824853,0.4866438354728012,1.3803169701019977,31.64378195185038,-2.0,4.0,45.5,0.061776986749458224
5.3899999999999295,2.7805326241553283,2.1496168969224905,46.859938826020546,0.48264300255265624,1.387093340316909,31.667850827510573,-2.0,4.0,45.5,0.062428449515179917
5.399999999999929,2.7703992197798106,2.1722753114028066,46.8631552700883,0.4783667081244829,1.3938757558443484,31.690639679078025,-2.0,4.0,45.5,0.0630181990353404
5.409999999999929,2.7597782809117173,2.195004398556863,46.86611436363922,0.4737510042063242,1.4006955574972222,31.71221225032739,-2.0,4.0,45.5,0.06345654584281825
5.419999999999929,2.748637240383279,2.2178045769606105,46.86883316950922,0.46878461583169084,1.407554547885898,31.732628167528183,-2.0,4.0,45.5,0.06385109904557298
5.429999999999929,2.736908706944914,2.240705972662416,46.87133052630684,0.4634390503829984,1.4144689838491296,31.75194476128316,-2.0,4.0,45.5,0.06415477197862302
5.4399999999999284,2.7245496631600203,2.263723915557558,46.87362291358606,0.4576975003746213,1.42144773969801,31.770216652509976,-2.0,4.0,45.5,0.06438969605563848
5.449999999999928,2.7115344080065693,2.2868669245534354,46.875724831326075,0.45155147011240615,1.4284962046192007,31.78749582562939,-2.0,4.0,45.5,0.06457046755943359
5.459999999999928,2.697870384454249,2.310127342971903,46.87764766084246,0.44500858972715573,1.4356116423465153,31.803831516502186,-2.0,4.0,45.5,0.0647316191499578
5.469999999999928,2.6835661937114224,2.333499903521589,46.879402145617306,0.4380769663486248,1.442792348673844,31.81927073199933,-2.0,4.0,45.5,0.06487326338751648
5.479999999999928,2.6686338867482924,2.356977781155533,46.88099837100769,0.4307663006368898,1.4500357147671252,31.833858373869578,-2.0,4.0,45.5,0.06499950152383697
5.489999999999927,2.6530972888452076,2.3805478997041125,46.8824451671905,0.4230919921944931,1.4573359099175498,31.84763726915612,-2.0,4.0,45.5,0.06512432938636827
5.499999999999927,2.6369772326350165,2.404200264546744,46.88375117361413,0.41506789507639397,1.4646884948512735,31.860648291107218,-2.0,4.0,45.5,0.0652450364083106
5.509999999999927,2.620288988183363,2.4279276349734507,46.88492500350565,0.4058837437983557,1.4712255723588896,31.863910883084134,-2.0,4.0,45.5,0.06535724007602932
5.519999999999927,2.6030602086878885,2.451716060583574,46.88597418492781,0.3964713942887811,1.4778924795128814,31.867451261378402,-2.0,4.0,45.5,0.06547530884868512
5.5299999999999265,2.5853096895781946,2.475557957032107,46.88690647911453,0.3868358542028929,1.484679482886225,31.87123037358421,-2.0,4.0,45.5,0.0655900002507167
5.539999999999926,2.5670631652771236,2.499440786199562,46.88772890876132,0.37698596098356774,1.4915746598698867,31.875212331080405,-2.0,4.0,45.5,0.0657110299902195
5.549999999999926,2.5483404799657126,2.5233567588629935,46.88844852121809,0.36692802963073134,1.4985687195911694,31.879364272353833,-2.0,4.0,45.5,0.06583248126621613
5.559999999999926,2.529157462307084,2.5473002487464624,46.889072337225606,0.356666743386164,1.5056537107798391,31.88365618280314,-2.0,4.0,45.5,0.06595093021655647
5.569999999999926,2.5095324891914834,2.571263716926383,46.88960692737187,0.3462083735585289,1.5128209758480615,31.888060644374313,-2.0,4.0,45.5,0.06607057883640807
5.5799999999999255,2.489477360079218,2.595244493408398,46.89005892309361,0.33555624684689545,1.5200645300161746,31.892552703206327,-2.0,4.0,45.5,0.0661843707944869
5.589999999999925,2.4690227409868957,2.6192269744937726,46.8904335731389,0.32472330985000397,1.5273721471801378,31.897109554574534,-2.0,4.0,45.5,0.06631631079983048
5.599999999999925,2.448174714809281,2.643214859907469,46.890737097480184,0.31371061815380585,1.534741478750597,31.901710581720614,-2.0,4.0,45.5,0.06643702132955286
5.609999999999925,2.42694591180534,2.6672044838692512,46.890975222410745,0.30252270339444826,1.542166710852559,31.9063371747989,-2.0,4.0,45.5,0.06655624994492684
5.619999999999925,2.40533850341269,2.691200266210955,46.891153876588476,0.29115914675310606,1.5496462868421013,31.910972566710154,-2.0,4.0,45.5,0.06666154229275915
5.629999999999924,2.3833680793484064,2.715196229255862,46.89127803211463,0.27962638468935447,1.5571736376376855,31.915601643471366,-2.0,4.0,45.5,0.06677022435801125
5.639999999999924,2.3610540368105357,2.739186052704631,46.89135203589425,0.2679329462636311,1.5647422038196055,31.920210773018606,-2.0,4.0,45.5,0.06688706631448826
5.649999999999924,2.3383905571001518,2.7631823316852318,46.891381130278155,0.25607504103244594,1.5723551084726104,31.92478782951153,-2.0,4.0,45.5,0.06698150259452686
5.659999999999924,2.3153906537325026,2.7871807008374265,46.89136955598295,0.24405837400451702,1.5800071421460442,31.92932207254387,-2.0,4.0,45.5,0.06707829710136924
5.6699999999999235,2.2920528853294755,2.811190190156789,46.89132172470414,0.23188164296760058,1.5876999898146982,31.93380393631039,-2.0,4.0,45.5,0.06715896228227843
5.679999999999923,2.2683879274748366,2.8352093110646712,46.89124130003475,0.21954969488474418,1.5954302181685378,31.93822502175585,-2.0,4.0,45.5,0.06723946515793905
5.689999999999923,2.2443974045811013,2.8592454300652705,46.89113188572831,0.20706302252127537,1.6031990001740795,31.942577918517248,-2.0,4.0,45.5,0.067308201146744
5.699999999999923,2.2200827842436173,2.883305086683886,46.89099683784935,0.19442215757845815,1.611007250219437,31.94685620469332,-2.0,4.0,45.5,0.06736559119540314
5.709999999999923,2.1954446824379725,2.9073956679366546,46.890839208408316,0.18162732042961244,1.6188564559351732,31.951054328613555,-2.0,4.0,45.5,0.06741063800290663
5.7199999999999225,2.170472673523466,2.9315331683243437,46.890662111864444,0.1686733479601905,1.6267525847400641,31.95516751906367,-2.0,4.0,45.5,0.06742943377388254
5.729999999999922,2.1524519811523115,2.9518976070304754,46.89008456086963,0.15920490908431975,1.6327731390147697,31.959145370137385,-2.0,4.0,45.5,0.07396168246634938
5.739999999999922,2.132686935243344,2.9727937708400702,46.88960387278917,0.1488799646700408,1.6390792892459167,31.963053538960224,-2.0,4.0,45.5,0.07265209111363234
5.749999999999922,2.1116565016745095,2.994229728514849,46.88917542490513,0.13793109130175907,1.6456751349568322,31.966876807558066,-2.0,4.0,45.5,0.07187117107970678
5.759999999999922,2.0896595218556993,3.0160650722993037,46.888783931413364,0.12650729305083883,1.6524882140727613,31.970610363318904,-2.0,4.0,45.5,0.07137998786824573
5.769999999999921,2.066848455451492,3.03823102423374,46.88842223678363,0.11468487303040578,1.6594822428425147,31.974251238439546,-2.0,4.0,45.5,0.07101942667892405
5.779999999999921,2.043319109192477,3.060686934453262,46.88808607687026,0.10251199360658352,1.6666352788161944,31.977797465624025,-2.0,4.0,45.5,0.07073148753384363
5.789999999999921,2.0191408767887253,3.0834053576133442,46.88777235237697,0.09002373889546082,1.6739321662960158,31.981247764397978,-2.0,4.0,45.5,0.07049029148668084
5.799999999999921,1.9943584913701515,3.1063740421926544,46.88747872600785,0.07724298261652149,1.6813655325463763,31.984601338056216,-2.0,4.0,45.5,0.07026986803775455
5.809999999999921,1.9690051777148359,3.1295861595773964,46.88720315104927,0.06418692078776901,1.6889308549426616,31.98785783360261,-2.0,4.0,45.5,0.07005939269183545
5.81999999999992,1.9431056128763118,3.1530397792799336,46.886943617433936,0.050868542451766544,1.6966261879829823,31.99101723081976,-2.0,4.0,45.5,0.06985041929791895
5.82999999999992,1.9166819241787671,3.1767337362514305,46.88669794136246,0.03729960948010817,1.704450072238437,31.99407980189987,-2.0,4.0,45.5,0.06964125655685242
5.83999999999992,1.88974319692271,3.200677137691936,46.88646387816768,0.02348542758747383,1.712406333935398,31.99704595321473,-2.0,4.0,45.5,0.06941667125261478
5.84999999999992,1.8623002351132443,3.2248755338792576,46.88623894962633,0.009432184391133813,1.7204971002872753,31.999916347458235,-2.0,4.0,45.5,0.06917991946777659
5.8599999999999195,1.834360406602885,3.2493376547984743,46.88602033352254,-0.004855614167272593,1.7287261927288,32.002691737978004,-2.0,4.0,45.5,0.06892674980719332
5.869999999999919,1.805928846155679,3.2740737656581045,46.8858048853055,-0.019374552710814875,1.737098297669963,32.00537296595919,-2.0,4.0,45.5,0.06865454199035788
5.879999999999919,1.777008938278247,3.299095383838572,46.88558911233581,-0.03412206990017095,1.7456188203755154,32.00796092550219,-2.0,4.0,45.5,0.06836107074110101
5.889999999999919,1.7476067941670819,3.324411425637954,46.885369132381854,-0.04909423200955838,1.7542919332246387,32.01045658414393,-2.0,4.0,45.5,0.06804957576224632
5.899999999999919,1.7177184858366277,3.350040670087491,46.885140644033726,-0.06429209338930517,1.7631268772563757,32.0128607556881,-2.0,4.0,45.5,0.06770677980067695
5.909999999999918,1.6873451202664267,3.3759953229278032,46.88489908890879,-0.07971419965554455,1.7721296537296531,32.01517436807517,-2.0,4.0,45.5,0.0673393209617218
5.919999999999918,1.6564866450514577,3.402289684034139,46.884639416484035,-0.0953596662378899,1.781307396759587,32.01739824964714,-2.0,4.0,45.5,0.06694469738020525
5.929999999999918,1.6251397177429034,3.4289412777790163,46.88435613887334,-0.11122924747223091,1.7906689501350783,32.01953310163138,-2.0,4.0,45.5,0.06651804093728023
5.939999999999918,1.593320762809745,3.4559477394388005,46.8840436023026,-0.12731385407145973,1.8002131630168705,32.021579915015934,-2.0,4.0,45.5,0.06608443387747961
5.949999999999918,1.5610087057640927,3.483348942313384,46.88369488526556,-0.14362306878068049,1.8099603317540343,32.023538688337126,-2.0,4.0,45.5,0.06559263914723937
5.959999999999917,1.5311399202513705,3.509423256665055,46.88324432103943,-0.15866935619198586,1.8190480470831432,32.025423831445394,-2.0,4.0,45.5,0.06246600458423994
5.969999999999917,1.521572872991522,3.52314746493651,46.88242306944767,-0.16335110400813585,1.8219797709980017,32.02735128935882,-2.0,4.0,45.5,0.05268607638624633
5.979999999999917,1.5116183411038993,3.5367806684054637,46.88163170559266,-0.1682464949078799,1.8248364112841529,32.02922459700627,-2.0,4.0,45.5,0.055225375645721705
5.989999999999917,1.5014165847432115,3.5503793739216603,46.88086879767467,-0.17326028360804807,1.8276699749332366,32.03104086309065,-2.0,4.0,45.5,0.05664710262914855
5.9999999999999165,1.4909993835626076,3.563947918732391,46.88013944314927,-0.1783671113621956,1.8304868504697502,32.03280121963695,-2.0,4.0,45.5,0.057337657813436034
6.009999999999916,1.4803713511791157,3.5774938207605254,46.87944851322648,-0.18356121483776983,1.8332920506340535,32.03450736692445,-2.0,4.0,45.5,0.05774555584745805
6.019999999999916,1.4695352825421353,3.59102157615163,46.878800406413454,-0.18883966973053032,1.8360881276777934,32.03616137037184,-2.0,4.0,45.5,0.05805553384425658
6.029999999999916,1.4584899137545662,3.6045364183882245,46.878199178556386,-0.1942023194806417,1.8388776667585844,32.03776553223158,-2.0,4.0,45.5,0.058338418353718176
6.039999999999916,1.4472368357199,3.6180413484951326,46.8776484685213,-0.19964775184105926,1.8416620765821854,32.03932236228355,-2.0,4.0,45.5,0.058618926209797466
6.0499999999999154,1.4357742136819505,3.63154096024533,46.877151615331385,-0.2051763912040343,1.8444435456457136,32.040834508596404,-2.0,4.0,45.5,0.058907351853921264
6.059999999999915,1.4241037201066098,3.645037728640329,46.87671155602027,-0.21078685858000407,1.8472232587393265,32.04230475879406,-2.0,4.0,45.5,0.05920751114904238
6.069999999999915,1.4122236579462386,3.658535782876365,46.876330945301376,-0.21647951139058813,1.8500032471811458,32.043735983066505,-2.0,4.0,45.5,0.059522099051128645
6.079999999999915,1.4001360297189112,3.6720371396068114,46.87601204562635,-0.22225277889381084,1.85278455636114,32.045131140385465,-2.0,4.0,45.5,0.05985250883748643
6.089999999999915,1.3878393094575472,3.6855454792971667,46.8757568573073,-0.22810690642209153,1.855569080269202,32.04649322670607,-2.0,4.0,45.5,0.06020039851349137
6.099999999999914,1.3753358525636201,3.699062360234917,46.87556699569044,-0.23404011577068928,1.8583577240367504,32.047825283062295,-2.0,4.0,45.5,0.060567035844784345
6.109999999999914,1.3626242658046155,3.7125910047893775,46.875443838048135,-0.24005256426228522,1.8611522336154884,32.04913035003709,-2.0,4.0,45.5,0.06095371596967188
6.119999999999914,1.3497072351583506,3.726132511433319,46.875388382628806,-0.2461422859530522,1.863953365323269,32.05041147410644,-2.0,4.0,45.5,0.06136199023365834
6.129999999999914,1.3365845097264484,3.7396891695146164,46.87540139333594,-0.2523088380614346,1.8667624780297878,32.05167167225833,-2.0,4.0,45.5,0.061792982917664815
6.1399999999999135,1.323257004179196,3.7532625491839644,46.87548332678759,-0.2585511665339516,1.8695806183925434,32.05291392628971,-2.0,4.0,45.5,0.062247917495209776
6.149999999999913,1.3097256761356053,3.76685399968163,46.87563436429136,-0.2648681940928732,1.872408754368451,32.05414116749303,-2.0,4.0,45.5,0.06272806412109865
6.159999999999913,1.2959915479391084,3.7804646345823825,46.87585442046336,-0.2712588102496909,1.8752477671926275,32.05535626409066,-2.0,4.0,45.5,0.06323464636331841
6.169999999999913,1.2820556932832958,3.7940953274897233,46.87614315308485,-0.27772187984778895,1.8780984474035787,32.0565620084947,-2.0,4.0,45.5,0.06376886283735034
6.179999999999913,1.2679192302076467,3.8077467021269342,46.876499973400996,-0.2842562480741684,1.8809614883190964,32.05776110797794,-2.0,4.0,45.5,0.06433188896820174
6.1899999999999125,1.2535833422068088,3.8214191062373613,46.876924056319666,-0.29086073140054575,1.883837471259735,32.058956175259326,-2.0,4.0,45.5,0.06492489249874604
6.199999999999912,1.2390493801324614,3.8351125481134796,46.877414349303976,-0.2975340679538973,1.886726831856647,32.06014972068787,-2.0,4.0,45.5,0.06554908237107872
6.209999999999912,1.2243191464872323,3.8488265624892857,46.87796957688962,-0.3042747765045135,1.8896297904236832,32.06134414563255,-2.0,4.0,45.5,0.06620582659987966
6.219999999999912,1.2093857696840877,3.8625668640571957,46.878588244072226,-0.3110854743331082,1.8925499102368661,32.06254160184419,-2.0,4.0,45.5,0.06689442160347134
6.229999999999912,1.1942682056279668,3.876321570654891,46.87926849546243,-0.31795663186549916,1.8954812847813223,32.063744433843006,-2.0,4.0,45.5,0.06762046311639124
6.239999999999911,1.178959279808467,3.890095539624299,46.880008513962885,-0.3248910418850741,1.8984270719748761,32.06495455899394,-2.0,4.0,45.5,0.0683803498535976
6.249999999999911,1.1634652639620566,3.9038856604125325,46.88080613791602,-0.33188502803212916,1.9013862372026171,32.066173874622805,-2.0,4.0,45.5,0.06918072438164985
6.259999999999911,1.147771533821498,3.9176934526375957,46.881659844607064,-0.3389455947163498,1.9043599610975654,32.06740423289362,-2.0,4.0,45.5,0.06999703371590116
6.269999999999911,1.1318885400031102,3.9315199637375358,46.88256652155022,-0.3460664741328187,1.9073497515191349,32.06864700315843,-2.0,4.0,45.5,0.0708837895629238
6.2799999999999105,1.1158123728182336,3.9453629105937154,46.88352387170616,-0.35324961637894947,1.9103546587565838,32.069903728991356,-2.0,4.0,45.5,0.071783284706748
6.28999999999991,1.0995625149209136,3.9592196930788646,46.88452813804452,-0.3604846382654401,1.9133740596934579,32.07117549735076,-2.0,4.0,45.5,0.07274456363108982
6.29999999999991,1.0831337052154832,3.9730776048215497,46.88557797272386,-0.36777408101359654,1.9164018439207364,32.07246398134693,-2.0,4.0,45.5,0.07372045988589826
6.30999999999991,1.0665099861319054,3.9869509583412976,46.88666990717455,-0.3751249416688829,1.9194463390718717,32.07376973774981,-2.0,4.0,45.5,0.07476613350234593
6.31999999999991,1.0497062979771807,4.000835389052797,46.88780016752332,-0.3825293909810482,1.9225059007332579,32.07509350857857,-2.0,4.0,45.5,0.07586823475432286
6.3299999999999095,1.0327187237853606,4.014716177697893,46.8889669408387,-0.38998987849823047,1.925572960034645,32.07643654468025,-2.0,4.0,45.5,0.07692822565460428
6.339999999999909,1.015563254818912,4.028599655336232,46.890165339818786,-0.39749698088150964,1.9286522158314128,32.07779883333039,-2.0,4.0,45.5,0.07813484024091115
6.349999999999909,0.998221341986429,4.042484598798766,46.89139294658746,-0.4050598547554499,1.9317435307781778,32.079180942077045,-2.0,4.0,45.5,0.07937159100433606
6.359999999999909,0.980703639153101,4.056364383888427,46.892645985174994,-0.41267309368323524,1.9348439584390467,32.080583133621424,-2.0,4.0,45.5,0.08063732652695824
6.369999999999909,0.9630177020082431,4.070233224648443,46.893920823593106,-0.4203324690091854,1.9379513214886686,32.082005524288306,-2.0,4.0,45.5,0.0819789596938097
6.379999999999908,0.9451472392373474,4.084097831484435,46.89521389474314,-0.4280454144061281,1.9410700899103297,32.08344785023229,-2.0,4.0,45.5,0.08343713068675412
6.389999999999908,0.927097430993434,4.097939153196884,46.896522601373825,-0.43581019033961255,1.944190242239614,32.084910489252024,-2.0,4.0,45.5,0.0848118844010191
6.399999999999908,0.9088632374320939,4.111770567331538,46.89784196252469,-0.44362800769059163,1.9473201901222978,32.08639245788422,-2.0,4.0,45.5,0.08638490064423003
6.409999999999908,0.8904730408183739,4.12557557626393,46.89916787293019,-0.45148470166259,1.9504519445048731,32.08789346938395,-2.0,4.0,45.5,0.08802291393669814
6.419999999999908,0.8718795966268916,4.139359059716274,46.90049825225015,-0.4594039249246328,1.9535885086044575,32.08941307764717,-2.0,4.0,45.5,0.08968725172321915
6.429999999999907,0.8531094762631828,4.153106665484379,46.90182884753148,-0.46737220532012796,1.9567232273989745,32.09095064359094,-2.0,4.0,45.5,0.0914519989363015
6.439999999999907,0.8341573615632296,4.166824164498838,46.903155019840824,-0.475391839645919,1.959859857405982,32.09250492179716,-2.0,4.0,45.5,0.09335216807088273
6.449999999999907,0.8148626681695424,4.18052270271346,46.90447989143815,-0.4835440093201093,1.9630041364263242,32.094075959814845,-2.0,4.0,45.5,0.09500436101465767
6.459999999999907,0.7950169062681925,4.194207895690895,46.905807859951196,-0.4919384913788071,1.9661543873771392,32.09566430348108,-2.0,4.0,45.5,0.09550095751705272
6.4699999999999065,0.7742380955804261,4.207936139492236,46.90714869142551,-0.500765451422982,1.9693417628172796,32.09726987846242,-2.0,4.0,45.5,0.09562635533969815
6.479999999999906,0.7524537634122875,4.221709677079961,46.90849982930969,-0.5100607975348942,1.972568672699813,32.098891305135794,-2.0,4.0,45.5,0.09565586205964659
6.489999999999906,0.7296367382482256,4.235534482775947,46.90985518511003,-0.5198377218771242,1.9758391727709466,32.100526388391295,-2.0,4.0,45.5,0.09562551391266948
6.499999999999906,0.7057721763706577,4.249417026192476,46.911207427747705,-0.5301032709635258,1.9791575274563957,32.10217260288285,-2.0,4.0,45.5,0.09554533745918521
6.509999999999906,0.6808678857839755,4.263359701102239,46.91254799545331,-0.5408532061572977,1.9825258496381952,32.103827189488236,-2.0,4.0,45.5,0.0954361618718901
6.519999999999905,0.6549406811491245,4.277364217211191,46.9138675108732,-0.5520788071791145,1.9859458750138619,32.10548715616934,-2.0,4.0,45.5,0.09530655590310896
6.529999999999905,0.627999325269623,4.291434821454176,46.91515633895529,-0.5637753944507118,1.9894206765845048,32.10714929937369,-2.0,4.0,45.5,0.09514946422971898
6.539999999999905,0.6000653787112401,4.305571853053086,46.91640425139235,-0.5759319269826938,1.9929513079677257,32.10881027454096,-2.0,4.0,45.5,0.09497747283074122
6.549999999999905,0.5711492984257527,4.319779621545008,46.917600771041045,-0.5885429326869911,1.9965408954460084,32.11046647917137,-2.0,4.0,45.5,0.094780732414499
6.559999999999905,0.5412688510571858,4.334059320867803,46.91873505890348,-0.6015993208905499,2.0001909735334653,32.1121141800029,-2.0,4.0,45.5,0.0945667402841928
6.569999999999904,0.5104450158322036,4.348411827938753,46.919795826261954,-0.6150904231928996,2.003902910716725,32.113749432636084,-2.0,4.0,45.5,0.09433901624240502
6.579999999999904,0.47868842961235814,4.362841607162536,46.92077154578541,-0.6290107721367235,2.007679952961279,32.1153680213826,-2.0,4.0,45.5,0.09408853722822287
6.589999999999904,0.44602023406279656,4.3773484777197975,46.921650419117654,-0.643349684382617,2.0115229621776876,32.116965635678156,-2.0,4.0,45.5,0.09382573137746965
6.599999999999904,0.4124502930520543,4.391937220951967,46.92242028682857,-0.6581021483228113,2.0154353732512345,32.118537630439995,-2.0,4.0,45.5,0.093540531253483
6.6099999999999035,0.37799905418305746,4.406607513975735,46.923068810274266,-0.6732578967746007,2.0194180035088056,32.12007928485837,-2.0,4.0,45.5,0.09324338767981383
6.619999999999903,0.3426753942462015,4.421364548185496,46.92358322577135,-0.688812486487123,2.0234745236108846,32.12158550841703,-2.0,4.0,45.5,0.09292389113749673
6.629999999999903,0.3064990986857366,4.436207861035446,46.92395068101284,-0.7047560549116447,2.0276057057911845,32.12305116029166,-2.0,4.0,45.5,0.09259273495913446
6.639999999999903,0.2694778847356535,4.451143181716656,46.924157821695154,-0.7210848178517821,2.0318155209991318,32.1244706914771,-2.0,4.0,45.5,0.09223896389821355
6.649999999999903,0.2316310068736901,4.466169875758019,46.92419130177774,-0.7377892556453707,2.036104678180358,32.12583853327082,-2.0,4.0,45.5,0.0918737990871205
6.659999999999902,0.19296482730146153,4.481294389381727,46.9240371760383,-0.7548663451618401,2.040477539734818,32.12714866332839,-2.0,4.0,45.5,0.09148542072969387
6.669999999999902,0.1534932994140479,4.496517984943389,46.92368154765457,-0.772309304490534,2.0449358233391237,32.12839501262504,-2.0,4.0,45.5,0.09108135303831909
6.679999999999902,0.11323282644927134,4.511841900616831,46.9231101729024,-0.7901101623685953,2.0494812265791325,32.1295712797084,-2.0,4.0,45.5,0.09066389982656659
6.689999999999902,0.07219425825406287,4.5272707079063,46.92230835538856,-0.8082637746228372,2.0541171724061673,32.130670820856324,-2.0,4.0,45.5,0.09022808847415598
6.699999999999902,0.030381713382342385,4.542811347935134,46.9212610731873,-0.8267684205737031,2.0588483344209134,32.13168668415706,-2.0,4.0,45.5,0.08976800751120405
6.709999999999901,-0.01219215016889924,4.558465164623043,46.919953411479526,-0.8456181409822854,2.0636765217754096,32.132611893842196,-2.0,4.0,45.5,0.08929177959730998
6.719999999999901,-0.05551130003221828,4.574233351081052,46.918370104915276,-0.8648053241647666,2.068603454286555,32.133439245315664,-2.0,4.0,45.5,0.08880229115214507
6.729999999999901,-0.09957472948190359,4.590126116785744,46.91649498336114,-0.884329950973644,2.073635511916928,32.13416095338298,-2.0,4.0,45.5,0.08828554423635111
6.739999999999901,-0.1443710581815652,4.606145402585636,46.91431228239004,-0.904186843617758,2.0787748516512927,32.13476932724958,-2.0,4.0,45.5,0.08775153759194597
6.7499999999999005,-0.18989149937643626,4.622296314461025,46.91180563420054,-0.9243721725525873,2.0840252561162806,32.1352563101611,-2.0,4.0,45.5,0.08719739968576351
6.7599999999999,-0.23612783147085592,4.638584384659986,46.908958336556225,-0.9448824435205374,2.0893907443857827,32.13561359086578,-2.0,4.0,45.5,0.08662247060608208
6.7699999999999,-0.283068080226264,4.655013107545629,46.905753543970484,-0.9657123253731434,2.094874297667158,32.1358327070993,-2.0,4.0,45.5,0.086030017126088
6.7799999999999,-0.33071194178570684,4.6715940874031086,46.90217336730152,-0.9868624117072429,2.1004830926855047,32.13590460567118,-2.0,4.0,45.5,0.0854087329772235
6.7899999999999,-0.3790453198327205,4.6883283620417755,46.89820058085173,-1.0083264116125683,2.1062188948130665,32.135820448114714,-2.0,4.0,45.5,0.08477155355985365
6.7999999999998995,-0.42807112255480695,4.705230639108211,46.893816261328226,-1.030106650229925,2.1120905176370552,32.135570542117684,-2.0,4.0,45.5,0.08410156555924382
6.809999999999899,-0.47778128220029514,4.722305661943741,46.889002123700955,-1.0521999899205914,2.118101690877694,32.13514538207487,-2.0,4.0,45.5,0.08340917102584412
6.819999999999899,-0.5281707796009697,4.739562390274171,46.88373901175169,-1.0746048872653624,2.1242583233205163,32.134535017151535,-2.0,4.0,45.5,0.08269039228714031
6.829999999999899,-0.5792352205439795,4.757010569001656,46.87800725709274,-1.0973201810598532,2.1305667599187976,32.13372919709114,-2.0,4.0,45.5,0.08194394127979561
6.839999999999899,-0.6311142145431334,4.774588804978173,46.87180024359566,-1.1204150907813641,2.1370034174648453,32.13272026125462,-2.0,4.0,45.5,0.073683201292562
6.849999999999898,-0.6835291175846882,4.7924796387268165,46.86506628860197,-1.1437549036941481,2.1436504207567633,32.13149020654916,-2.0,4.0,45.5,0.05732963330979548
6.859999999999898,-0.7365846350526801,4.810793090519156,46.85777293255709,-1.1673932481664835,2.1505666340647487,32.130023135936995,-2.0,4.0,45.5,0.07966737412861905
6.869999999999898,-0.7903330759911951,4.829610833776401,46.8498888980612,-1.1913582071130122,2.157794852495975,32.128304099790014,-2.0,4.0,45.5,0.07897572326853053
6.879999999999898,-0.8448558981698621,4.849026520173169,46.84138042176447,-1.2156924378215592,2.1653849342088574,32.126317003257476,-2.0,4.0,45.5,0.07818231255346808
6.8899999999998975,-0.8636539136910077,4.862141734079347,46.83290092101019,-1.2217883856930916,2.170024727182277,32.12454422420804,-2.0,4.0,45.5,0.06905579623753597
6.899999999999897,-0.8798346608758123,4.874385999800668,46.824055072398735,-1.2265139078479699,2.174269146845363,32.12258892353302,-2.0,4.0,45.5,0.08175715799078968
6.909999999999897,-0.8961165087797063,4.886392610505536,46.81480744266906,-1.2312733010075156,2.178425349719595,32.12039735600325,-2.0,4.0,45.5,0.08302424067198487
6.919999999999897,-0.9125341530229957,4.8981789114020975,46.80518621182261,-1.2360869968650054,2.182498822834018,32.11795890442555,-2.0,4.0,45.5,0.08426711998030621
6.929999999999897,-0.9290940498366695,4.909745514651078,46.79522190823355,-1.2409595993042473,2.1864863184052865,32.115265718758394,-2.0,4.0,45.5,0.08554768404378062
6.9399999999998965,-0.9458004323413148,4.921089942442602,46.78494566421316,-1.2458944654226407,2.1903831285129662,32.11231186171501,-2.0,4.0,45.5,0.0868712294764943
6.949999999999896,-0.9626580909787719,4.932211111007981,46.774388531462826,-1.2508951294746848,2.194185404329737,32.10909301667818,-2.0,4.0,45.5,0.08823773133202764
6.959999999999896,-0.9796748577037716,4.943114097622274,46.763580736076044,-1.2559665641596567,2.197892620296578,32.1056061746212,-2.0,4.0,45.5,0.08959624345402982
6.969999999999896,-0.9968437702260347,4.953777441351997,46.752556013287965,-1.261106137084141,2.2014907615609207,32.10185120344018,-2.0,4.0,45.5,0.0910590561242936
6.979999999999896,-1.014181565214066,4.96422363658628,46.74134197906223,-1.2663231286862633,2.20498856621019,32.09782723701809,-2.0,4.0,45.5,0.09250755544377025
6.989999999999895,-1.031681092178117,4.974431608783622,46.72997191154036,-1.2716146110732325,2.2083725626566846,32.093536996947755,-2.0,4.0,45.5,0.09399058057119813
6.999999999999895,-1.0493498145148044,4.984403937549801,46.71847554062828,-1.276984962834593,2.211641594968645,32.08898332862161,-2.0,4.0,45.5,0.09552838385421829
7.009999999999895,-1.0672029991119847,4.994093646597445,46.70688911774386,-1.2824424806857915,2.214769167917158,32.084172625839116,-2.0,4.0,45.5,0.09655482553065327
7.019999999999895,-1.085107275508303,5.00332789548834,46.69526767791615,-1.2879204722571274,2.217664328692301,32.07911930340984,-2.0,4.0,45.5,0.09740439954223654
7.0299999999998946,-1.1039990711246546,5.013020062005872,46.68351781720707,-1.2936379968026053,2.2193430774192633,32.064349741098475,-2.0,4.0,45.5,0.09739603452321396
7.039999999999894,-1.122787852544294,5.02211156903149,46.67181697646992,-1.299307925809952,2.220764727476819,32.04971938322463,-2.0,4.0,45.5,0.09835035413044854
7.049999999999894,-1.1419383356663437,5.03098098038911,46.66014219026496,-1.3051681271965059,2.222124123110674,32.03522770130813,-2.0,4.0,45.5,0.09888312876560901
7.059999999999894,-1.1576755635474074,5.036701623306757,46.648938385816436,-1.3093037481620549,2.2219198104068028,32.021061703659605,-2.0,4.0,45.5,0.10268678912588357
7.069999999999894,-1.177911169826648,5.045664784671283,46.63733049969327,-1.3157320220844004,2.223435655569077,32.00687291269765,-2.0,4.0,45.5,0.09958502564365718
7.0799999999998935,-1.1987164570796707,5.052053634979079,46.62619460384524,-1.3224389261305838,2.2238024135308407,31.992999828949205,-2.0,4.0,45.5,0.07179652241948223
7.089999999999893,-1.2189052920856818,5.056960008238743,46.615373493131344,-1.328846167031557,2.2234694639918313,31.979413705339915,-2.0,4.0,45.5,0.07384550680606543
7.099999999999893,-1.238563219197797,5.0616388649024024,46.60470915740807,-1.3350012900883321,2.2230664286561357,31.966068198829145,-2.0,4.0,45.5,0.07373369088552112
7.109999999999893,-1.257715739924054,5.066088951036807,46.594224556003645,-1.3412135136850765,2.224044019814857,31.962361781590676,-2.0,4.0,45.5,0.07412717141646796
7.119999999999893,-1.2764013423812188,5.070311394363949,46.58394066514159,-1.347196565693064,2.2248636445384147,31.958366899343197,-2.0,4.0,45.5,0.07535642320472605
7.129999999999892,-1.2946821605667682,5.074307198193312,46.57387661673798,-1.3529834754596166,2.2255242497757757,31.954104457871676,-2.0,4.0,45.5,0.07797791760222801
7.139999999999892,-1.312650397004511,5.078082381949836,46.56404874905983,-1.3586225253445932,2.2260262456274305,31.949594810196636,-2.0,4.0,45.5,0.0826895480016659
7.149999999999892,-1.3304263515352996,5.081649406552842,46.554470514923466,-1.3641760197321275,2.2263733305763704,31.944857615720764,-2.0,4.0,45.5,0.08987042085867941
7.159999999999892,-1.348141232714418,5.085026583415862,46.54515325995289,-1.3697110450816048,2.2265752855292056,31.93991189358415,-2.0,4.0,45.5,0.09871863108903706
7.169999999999892,-1.3659063410910846,5.08823094880044,46.53610803532778,-1.3752834694020315,2.226647245614318,31.934776513906947,-2.0,4.0,45.5,0.10713333484183375
7.179999999999891,-1.3837327579534164,5.091203222286869,46.527358861771944,-1.3808963040660454,2.2265788275781113,31.929474300938562,-2.0,4.0,45.5,0.10992896090939341
7.189999999999891,-1.4016047040588484,5.093925399479404,46.51891932151741,-1.386540900675186,2.2263694623909682,31.92402612745236,-2.0,4.0,45.5,0.11044160218411808
7.199999999999891,-1.4195471461647116,5.096434830022602,46.510791291585434,-1.3922302173324361,2.226040453500388,31.91844953172652,-2.0,4.0,45.5,0.11085573221441232
7.209999999999891,-1.4386904952182549,5.099385971332023,46.502875342432134,-1.398535663126296,2.225928028635012,31.91272227827263,-2.0,4.0,45.5,0.11057841712981001
7.2199999999998905,-1.4579547349036313,5.101151811342629,46.49535372778982,-1.4049462528628427,2.2249479623139035,31.90695393282264,-2.0,4.0,45.5,0.09664709416433495
7.22999999999989,-1.4797420657879163,5.104179986380968,46.487942671443804,-1.4126235039625321,2.2247273551015567,31.90101768430531,-2.0,4.0,45.5,0.08770790710513486
7.23999999999989,-1.4986243483933774,5.105537216271351,46.481094599817965,-1.4188422452639244,2.223678504610264,31.89512168484443,-2.0,4.0,45.5,0.09164627205010352
7.24999999999989,-1.5217549724185708,5.109585955598625,46.47410532583584,-1.427206389677391,2.2240547823876597,31.889007463070477,-2.0,4.0,45.5,0.08946327977772171
7.25999999999989,-1.5419839512364995,5.11160829738327,46.467712264612935,-1.4341220185819592,2.2233853723714088,31.88298370312407,-2.0,4.0,45.5,0.0927305475685622
7.269999999999889,-1.5649812844791609,5.115314989478141,46.461316772029996,-1.4424391268419896,2.2236159536437317,31.876833335025275,-2.0,4.0,45.5,0.09343300439360919
7.279999999999889,-1.585704656340518,5.117363253508518,46.45544520507181,-1.4496249084296622,2.2230016311513072,31.870779124160663,-2.0,4.0,45.5,0.09602004329379121
7.289999999999889,-1.6074001090157992,5.119707024106839,46.44977260430375,-1.4573096154050589,2.222575923536384,31.8647084083971,-2.0,4.0,45.5,0.10062817499925468
7.299999999999889,-1.6301743055094382,5.1224434229501705,46.444281287151426,-1.4655455977803165,2.22243446816325,31.85862600480912,-2.0,4.0,45.5,0.08846216635829493
7.309999999999889,-1.6529576558404941,5.124673646295774,46.43908516734862,-1.473801610703159,2.222048444348623,31.852597535917322,-2.0,4.0,45.5,0.08372859898473257
7.319999999999888,-1.6758384225837828,5.126786549169966,46.43411120853596,-1.4821228445176364,2.2216121594972282,31.846613508386877,-2.0,4.0,45.5,0.08443246911812835
7.329999999999888,-1.6988719834026027,5.128803870198643,46.429341259595766,-1.4905378948620793,2.221140081760509,31.840681028225884,-2.0,4.0,45.5,0.08513585739100865
7.339999999999888,-1.7221143664839933,5.130748260999113,46.424756177170046,-1.4990756896692474,2.220646808297955,31.834806110744957,-2.0,4.0,45.5,0.08584191353141976
7.349999999999888,-1.7452167792488846,5.132524095186903,46.42055867365894,-1.5075618962824073,2.220084905105766,31.829202315793555,-2.0,4.0,45.5,0.08643773218648913
7.3599999999998875,-1.7686609403372837,5.134274450248966,46.41649559653511,-1.516239064913087,2.2195322689624413,31.82365541208062,-2.0,4.0,45.5,0.08711817931701166
7.369999999999887,-1.7925049079735385,5.13603197612868,46.412543989395466,-1.525137438857282,2.2190080309384665,31.81816829825787,-2.0,4.0,45.5,0.0878988592297232
7.379999999999887,-1.8168073024048246,5.137827407917918,46.40868038757283,-1.5342874005251412,2.2185300733458733,31.812742944871673,-2.0,4.0,45.5,0.08872126828287547
7.389999999999887,-1.8416323571878732,5.139694908860482,46.40487993234121,-1.5437222344590786,2.218117789808955,31.807380088399817,-2.0,4.0,45.5,0.08955666795186563
7.399999999999887,-1.8670508060167363,5.14166894536296,46.401116803999166,-1.5534785806906974,2.217790573992318,31.80207938081508,-2.0,4.0,45.5,0.09032536976292899
7.4099999999998865,-1.8931457286776205,5.143790189144443,46.39736318061598,-1.5635993842993443,2.217570785539191,31.796839047602827,-2.0,4.0,45.5,0.09099279779059548
7.419999999999886,-1.9200155828126837,5.146102134454698,46.39358960278085,-1.574135428549056,2.2174821051863063,31.79165601213624,-2.0,4.0,45.5,0.09147454677662616
7.429999999999886,-1.9477816891873265,5.148653654184535,46.38976431329864,-1.5851491089329988,2.2175508645788025,31.78652567239025,-2.0,4.0,45.5,0.09169242381167918
7.439999999999886,-1.97659791110635,5.151499455460658,46.385852788338305,-1.5967193129015982,2.217806345227835,31.78144173609993,-2.0,4.0,45.5,0.0915510253849762
7.449999999999886,-2.0066665507826467,5.154702845074306,46.38181667413715,-1.6089494282215426,2.218282264108332,31.7763958402374,-2.0,4.0,45.5,0.09094767877361046
7.459999999999885,-2.038263355581541,5.158338196622369,46.37761237375732,-1.6219799369128225,2.2190181760122414,31.771377025584787,-2.0,4.0,45.5,0.08975886576045157
7.469999999999885,-2.071781944280693,5.162497393744449,46.37318825910703,-1.636010782352038,2.220062997264796,31.766370693035736,-2.0,4.0,45.5,0.08784572940682268
7.479999999999885,-2.107816628699409,5.167300128693026,46.36847984213594,-1.6513430490098848,2.2214807293757595,31.761356715352964,-2.0,4.0,45.5,0.08504851026746313
7.489999999999885,-2.15116023437791,5.169326927799256,46.36385451822063,-1.6703867695650945,2.2216910105614733,31.75641847581172,-2.0,4.0,45.5,0.09889543316421892
7.4999999999998845,-2.194605818353799,5.170921692789269,46.35909395867224,-1.6895296891980291,2.2217308536906852,31.75153997588963,-2.0,4.0,45.5,0.09846843236213466
7.509999999999884,-2.238813533578806,5.172726477203285,46.3540543223645,-1.7091040794541925,2.221930931670002,31.746673375073623,-2.0,4.0,45.5,0.09735264240991863
7.519999999999884,-2.2838034944940553,5.174784813489112,46.34869840854836,-1.7291245127169788,2.2223155606376945,31.74180725513194,-2.0,4.0,45.5,0.09615247015261849
7.529999999999884,-2.3295766752345703,5.177133086435787,46.34299132897829,-1.7495957472073687,2.222904813329938,31.736929885297606,-2.0,4.0,45.5,0.09487486324069694
7.539999999999884,-2.3761280414999857,5.1798103150730475,46.336898832065074,-1.7705196190422896,2.2237198030943564,31.732028625452575,-2.0,4.0,45.5,0.0935212610665715
7.5499999999998835,-2.4234500291046253,5.182859699494495,46.33038705662763,-1.7918967854408585,2.224783500048515,31.727089877709723,-2.0,4.0,45.5,0.09209041496917941
7.559999999999883,-2.47152472529866,5.186322277063677,46.32342384628268,-1.8137227774069338,2.2261174971551245,31.722099603424546,-2.0,4.0,45.5,0.0905881034310478
7.569999999999883,-2.5203333030443367,5.1902427414738215,46.31597766041121,-1.8359927252018444,2.2277450088912736,31.71704297119827,-2.0,4.0,45.5,0.08901216762820237
7.579999999999883,-2.569848031046048,5.194665460240123,46.30801855436013,-1.8586973239086007,2.2296888254445775,31.711904767499988,-2.0,4.0,45.5,0.08736701494869019
7.589999999999883,-2.620047274386718,5.19963972803875,46.2995169072765,-1.8818303615502927,2.2319740712988825,31.706668953049284,-2.0,4.0,45.5,0.08564519862104082
7.599999999999882,-2.6708779649562153,5.205203131270715,46.29044750909527,-1.9053698014512825,2.2346195747274304,31.701320245042957,-2.0,4.0,45.5,0.08386980416901424
7.609999999999882,-2.722319364422213,5.211414556211114,46.28078213534505,-1.9293098688101473,2.2376549536959764,31.695841410958927,-2.0,4.0,45.5,0.08201087721233533
7.619999999999882,-2.774329344532765,5.218320104914115,46.27049687461954,-1.9536339865208099,2.241103084774218,31.690215987293055,-2.0,4.0,45.5,0.08008457224140701
7.629999999999882,-2.8268662005023626,5.225970137779753,46.25956876390325,-1.9783257258369105,2.244988847681661,31.68442713037639,-2.0,4.0,45.5,0.07808724133552356
7.6399999999998816,-2.879885466512143,5.234415753462793,46.24797650742525,-2.0033671879884376,2.2493373473580505,31.678457917029345,-2.0,4.0,45.5,0.07601840354084377
7.649999999999881,-2.9333398290513886,5.243708578690869,46.23570056773281,-2.028738936797922,2.25417381843312,31.67229143022423,-2.0,4.0,45.5,0.07387756955772046
7.659999999999881,-2.9871790007468357,5.253900543341974,46.22272325685781,-2.054419912690914,2.2595235228046526,31.66591084311468,-2.0,4.0,45.5,0.07166430718867828
7.669999999999881,-3.0413466557928728,5.265042365485843,46.209029174262476,-2.080385861284409,2.2654109733504018,31.659299636176343,-2.0,4.0,45.5,0.06938065760036581
7.679999999999881,-3.0957890112257997,5.277187089331293,46.194604276725,-2.1066136471873165,2.2718617950370827,31.652441297591203,-2.0,4.0,45.5,0.06702170889227232
7.6899999999998805,-3.1504459256428343,5.290385800991915,46.17943701378784,-2.1330767377859736,2.278900506523371,31.64531980096884,-2.0,4.0,45.5,0.0645897567259962
7.69999999999988,-3.2052528071951785,5.304688036405251,46.16351821914336,-2.1597461408026146,2.2865507463974217,31.637919614203486,-2.0,4.0,45.5,0.0620856838012237
7.70999999999988,-3.2601425491728997,5.320143584914951,46.14684076698638,-2.1865913659100507,2.2948362100898123,31.63022563199872,-2.0,4.0,45.5,0.05950843134165605
7.71999999999988,-3.3150354639121393,5.336791746606059,46.12940184737485,-2.2135752959946053,2.3037751313192327,31.622224030278993,-2.0,4.0,45.5,0.05686763925727779
7.72999999999988,-3.371065462665719,5.355636279196896,46.11097655601685,-2.240422929539225,2.312331256620512,31.604200494083177,-2.0,4.0,45.5,0.05338068275888831
7.739999999999879,-3.4342805426956398,5.383261164762635,46.09015262909378,-2.271046667466493,2.3254194243257835,31.585298884234675,-2.0,4.0,45.5,0.04430445780811205
7.749999999999879,-3.5065443685774196,5.424179771694731,46.06604748244914,-2.306413502872843,2.3453737819589175,31.565225348651058,-2.0,4.0,45.5,0.03102706490194324
7.759999999999879,-3.5770365523507417,5.465229903252334,46.041329465833115,-2.3410311185637487,2.3654465322784617,31.544925744795894,-2.0,4.0,45.5,0.02848920427957319
7.769999999999879,-3.644819401139031,5.505584596212692,46.01618493685718,-2.3744207603797207,2.3852024800332874,31.524425366469835,-2.0,4.0,45.5,0.026529675986737312
7.779999999999879,-3.710601017687739,5.546840943577996,45.99031834822617,-2.4069465535381482,2.405457647997816,31.503582331739842,-2.0,4.0,45.5,0.023236622308416038
7.789999999999878,-3.7742329283444604,5.588899938230405,45.96375902543051,-2.4385348304689844,2.426157100478516,31.48237616321784,-2.0,4.0,45.5,0.020015778526418535
7.799999999999878,-3.8355593282692113,5.631626813847321,45.93654925771209,-2.4691070917409874,2.4472268969100512,31.46079478405492,-2.0,4.0,45.5,0.01688579557268619
7.809999999999878,-3.894427383211315,5.674866361160972,45.90874127039605,-2.4985857038742694,2.468582727877994,31.438833285529434,-2.0,4.0,45.5,0.01386623679224465
7.819999999999878,-3.9495088752143186,5.717558022711861,45.88084889445704,-2.5262990095724476,2.489688218050572,31.41677808494878,-2.0,4.0,45.5,0.011072387390081458
7.8299999999998775,-3.9948880555946507,5.7438021640019254,45.855770316994395,-2.549187359937868,2.502337215614164,31.39547987850259,-2.0,4.0,45.5,0.02133226764616529
7.839999999999877,-4.037955586745008,5.77003640769161,45.83032108157666,-2.571041757903465,2.514975513715546,31.373791151920415,-2.0,4.0,45.5,0.019319998768199592
7.849999999999877,-4.078770717215656,5.796329841657568,45.80454069840292,-2.5918877663542856,2.5276437017476687,31.351734596717,-2.0,4.0,45.5,0.01738662895390046
7.859999999999877,-4.117315331685255,5.822563701771919,45.77850697120691,-2.6117083086844914,2.5402787583310302,31.329351799998683,-2.0,4.0,45.5,0.01555935801229849
7.869999999999877,-4.153583824046597,5.848629600417053,45.75229743824864,-2.630493706156894,2.5528236440284764,31.306687103102227,-2.0,4.0,45.5,0.013829832867023467
7.879999999999876,-4.187571730797276,5.874407241550384,45.72599366430259,-2.6482355217162694,2.565215357739829,31.283789130224374,-2.0,4.0,45.5,0.012209373850161248
7.889999999999876,-4.219275396971127,5.899762772138567,45.69968132881819,-2.664926476713688,2.5773843208836684,31.260710508614988,-2.0,4.0,45.5,0.010711096690787887
7.899999999999876,-4.24870417295083,5.924576294383992,45.67344421914034,-2.680566705274589,2.589268569316109,31.237505507029248,-2.0,4.0,45.5,0.00932683626632029
7.909999999999876,-4.276196556443763,5.949576357388134,45.647193450769294,-2.6953268576141056,2.6012428297825583,31.214170788452112,-2.0,4.0,45.5,0.007429559888421519
7.919999999999876,-4.3012391375972845,5.973193488653365,45.62130649490687,-2.7089386479112427,2.6125008789535347,31.190867829280517,-2.0,4.0,45.5,0.0067103332322905095
7.929999999999875,-4.3239668069234165,5.995629482184811,45.595804834267135,-2.7214687971905995,2.623147141329872,31.167633450289646,-2.0,4.0,45.5,0.005883876348369874
7.939999999999875,-4.344426091196085,6.0167781628286,45.570770434300904,-2.7329390784596335,2.6331288635245307,31.144527726824474,-2.0,4.0,45.5,0.005186161780844744
7.949999999999875,-4.362663791743159,6.03652608593585,45.54628648928653,-2.743371923660479,2.642389964894596,31.12161267424227,-2.0,4.0,45.5,0.00462461685623592
7.959999999999875,-4.378728766892234,6.054762140499385,45.52243530195049,-2.7527913527334533,2.650876114529934,31.09895125423019,-2.0,4.0,45.5,0.004202071641250676
7.9699999999998745,-4.392670801833539,6.07137798629367,45.499297975338656,-2.761222346303313,2.658534946978318,31.07660700774655,-2.0,4.0,45.5,0.003921424038651804
7.979999999999874,-4.4045327755819095,6.086260904486605,45.47696060187555,-2.7686855007597195,2.6653101272951565,31.0546358388333,-2.0,4.0,45.5,0.003796017631297061
7.989999999999874,-4.414352369913772,6.099299092104262,45.45550923500101,-2.775200378559916,2.671148086671868,31.03310437308418,-2.0,4.0,45.5,0.003833721249375535
7.999999999999874,-4.422164967519889,6.11038798648347,45.43502432752425,-2.7807867583406,2.676001188211563,31.012086631932686,-2.0,4.0,45.5,0.004034804927892646
8.009999999999874,-4.428000346831533,6.119429410653089,45.41558136812306,-2.7854617525908725,2.679825456724302,30.991652208971214,-2.0,4.0,45.5,0.0044012976351569325
8.019999999999873,-4.431876905812361,6.126325646029599,45.39725262796456,-2.7892367074480937,2.682577255407619,30.97186705232947,-2.0,4.0,45.5,0.004941566241737614
8.029999999999873,-4.4338060349164286,6.131005061152814,45.3801024096827,-2.7921194947707493,2.6842263362848673,30.95279194398022,-2.0,4.0,45.5,0.005645932096951544
8.039999999999873,-4.433881701887123,6.133640527522209,45.36394167683842,-2.794160263230193,2.6848673789861817,30.934268018213324,-2.0,4.0,45.5,0.006318900200027682
8.049999999999873,-4.431947800849042,6.1338534826884095,45.349105744661294,-2.795281670867727,2.6843131172381285,30.91658038128221,-2.0,4.0,45.5,0.007439290054288275
8.059999999999873,-4.427910297265692,6.131552550844219,45.33566133649609,-2.7954382625596423,2.6825223654704065,30.899784857529845,-2.0,4.0,45.5,0.00880522896925927
8.069999999999872,-4.4215791595432,6.126597987492987,45.32368939400349,-2.7945365480177173,2.6794289292719444,30.88394056756212,-2.0,4.0,45.5,0.010523565646218386
8.079999999999872,-4.412602077771642,6.118819704468895,45.313288040165375,-2.7924017421401532,2.6749496764775866,30.869111640018453,-2.0,4.0,45.5,0.012753222294405854
8.089999999999872,-4.4000989122192715,6.107844538122432,45.30463668906466,-2.7885941125459186,2.668893093272054,30.855391680321173,-2.0,4.0,45.5,0.01609865607332379
8.099999999999872,-4.380645263010421,6.09309391951741,45.29813577133837,-2.7813554302066343,2.6607810576226014,30.842990139089927,-2.0,4.0,45.5,0.036815803096239184
8.109999999999872,-4.360727018263756,6.078049885270643,45.2925971089896,-2.7739435909699353,2.6524111436518267,30.831481216986873,-2.0,4.0,45.5,0.05637738338612494
8.119999999999871,-4.340381789882107,6.062771339279381,45.288090959902235,-2.7664312107616915,2.643993724138165,30.82089395428436,-2.0,4.0,45.5,0.05927944399449408
8.129999999999871,-4.3196232064496565,6.047269458777335,45.28464798656358,-2.758829187408292,2.635551200670854,30.81126672511953,-2.0,4.0,45.5,0.060874807898881944
8.139999999999871,-4.298465404377132,6.031553848857205,45.28229228910767,-2.7521903849627054,2.628658442597228,30.811303169106385,-2.0,4.0,45.5,0.0623714142741558
8.14999999999987,-4.276921979752774,6.015635378214868,45.2810434557821,-2.745313179808516,2.621517611785528,30.811044601759875,-2.0,4.0,45.5,0.06360782540620721
8.15999999999987,-4.255007473122074,5.999522886665388,45.280916744351515,-2.738209264248241,2.6141429031130983,30.810552516189716,-2.0,4.0,45.5,0.0648426188121732
8.16999999999987,-4.2327365185752575,5.983225254793986,45.28192376610746,-2.7308905159530994,2.6065494329233014,30.809886560838986,-2.0,4.0,45.5,0.06599602287682035
8.17999999999987,-4.210123428511412,5.966751231512647,45.28406993984941,-2.7233689685026294,2.5987540853058277,30.80910452331637,-2.0,4.0,45.5,0.06692473423547755
8.18999999999987,-4.1871820228948655,5.9501077378084,45.28734914377753,-2.7156567998133414,2.5907754130230263,30.8082623515589,-2.0,4.0,45.5,0.06747545319368797
8.19999999999987,-4.163926002001076,5.933301283379252,45.29175002549776,-2.7077654410655185,2.582629776866545,30.807413565302475,-2.0,4.0,45.5,0.06784871945294393
8.20999999999987,-4.140369249893662,5.916337478888253,45.29725662715329,-2.6997060254148977,2.574332277786463,30.806609085884702,-2.0,4.0,45.5,0.06812557003427637
8.21999999999987,-4.116525369924816,5.899222078699658,45.303848881509644,-2.691489483997483,2.565898679207315,30.80589702181312,-2.0,4.0,45.5,0.06823681097317817
8.229999999999869,-4.092408112922847,5.8819600031688015,45.31150259104194,-2.683126413398532,2.5573434718617967,30.805322673497933,-2.0,4.0,45.5,0.06825784858595577
8.239999999999869,-4.068030772010203,5.864556650360232,45.32019002356029,-2.6746271707244946,2.5486822867274697,30.804928351495608,-2.0,4.0,45.5,0.06807657448514076
8.249999999999869,-4.043407292103168,5.847015525960636,45.32987962269756,-2.6660017227745954,2.539927571023636,30.804753534103753,-2.0,4.0,45.5,0.06790299940770465
8.259999999999868,-4.018550837538691,5.829341327304819,45.34053703739688,-2.657259839220206,2.531094265845381,30.804834545437757,-2.0,4.0,45.5,0.06751454456912986
8.269999999999868,-3.9934749426226213,5.811537443762081,45.352124679767414,-2.648410840698432,2.5221947381039147,30.80520477472654,-2.0,4.0,45.5,0.0670782130717503
8.279999999999868,-3.9681932615499007,5.793607114399135,45.36460217171292,-2.6394624027344054,2.513240405950452,30.805894672065968,-2.0,4.0,45.5,0.0665603945463982
8.289999999999868,-3.942719712759821,5.775553802141276,45.377926413758345,-2.6304202596254704,2.5042414539119466,30.80693181285083,-2.0,4.0,45.5,0.06594424328131952
8.299999999999867,-3.917068377039928,5.75738135504023,45.39205196014951,-2.621290154229182,2.4952081030204116,30.80834063369526,-2.0,4.0,45.5,0.06520273438648591
8.309999999999867,-3.8912539811158178,5.739093051812552,45.40693114176458,-2.612077862336467,2.4861489730877793,30.810142529095536,-2.0,4.0,45.5,0.06442786779656096
8.319999999999867,-3.8652915578008793,5.720692306459548,45.42251459747672,-2.6027892330305593,2.4770724929886527,30.812355838042144,-2.0,4.0,45.5,0.06360228645722708
8.329999999999867,-3.839196233786068,5.70218299632658,45.438751527482324,-2.593430093915181,2.467987184916021,30.81499582861044,-2.0,4.0,45.5,0.0626910344161347
8.339999999999867,-3.812983662382084,5.683568961240998,45.455590721766036,-2.5850204091180444,2.46047385536272,30.827377027789254,-2.0,4.0,45.5,0.06179557378005783
8.349999999999866,-3.7866695035481546,5.6648543577604515,45.47297928800445,-2.5765594257794007,2.45298389666161,30.840361905586054,-2.0,4.0,45.5,0.06081014331050287
8.359999999999866,-3.760269642887482,5.64604346325618,45.49086359527065,-2.568046512339663,2.4455145850423343,30.853904471999243,-2.0,4.0,45.5,0.05978890428157977
8.369999999999866,-3.733800198763306,5.627140680815596,45.50918963502689,-2.5594813991054934,2.4380630638398846,30.867957833946356,-2.0,4.0,45.5,0.05874992356764568
8.379999999999866,-3.707277528752422,5.608150511702609,45.527903239340006,-2.5508642023444636,2.4306263124147787,30.882474424244037,-2.0,4.0,45.5,0.057715668860775386
8.389999999999866,-3.6807177900068138,5.589078273778653,45.5469505002388,-2.5421953482542534,2.423202416570902,30.897406192766134,-2.0,4.0,45.5,0.05661535719450696
8.399999999999865,-3.65413792156319,5.569928431861403,45.56627758544051,-2.5334757692839283,2.4157873439113833,30.912704974377192,-2.0,4.0,45.5,0.05562849069363714
8.409999999999865,-3.6275542095127298,5.550707000106342,45.585831576764846,-2.5247066612984455,2.4083797220136964,30.928322465427804,-2.0,4.0,45.5,0.054567399523740304
8.419999999999865,-3.6009829937416824,5.531420240185403,45.605560229713554,-2.5158895373328463,2.4009777518239077,30.9442106110952,-2.0,4.0,45.5,0.053493745154791786
8.429999999999865,-3.5744410699706117,5.512074049712729,45.625412149966856,-2.5070264206757074,2.3935786536126913,30.960321767975806,-2.0,4.0,45.5,0.05249797646112331
8.439999999999864,-3.5479448465450636,5.492675300068437,45.64533734537703,-2.4981196537022505,2.386181283641479,30.976608852142494,-2.0,4.0,45.5,0.051474051809687456
8.449999999999864,-3.5215111660953506,5.473230501574416,45.665287007942595,-2.4891720799629304,2.378783207332935,30.993025638639136,-2.0,4.0,45.5,0.05054665733943134
8.459999999999864,-3.4951563419780936,5.453747264586749,45.68521403437925,-2.4801867931002803,2.3713838538571133,31.009526733371057,-2.0,4.0,45.5,0.049594284440222396
8.469999999999864,-3.476162675338978,5.4380075060251745,45.7040562795506,-2.4747297462028612,2.3660533001661435,31.02564731865524,-2.0,4.0,45.5,0.025888277770773495
8.479999999999864,-3.4499550125327425,5.418491792770436,45.72375839462846,-2.465645906419081,2.3584766919324536,31.042200072186052,-2.0,4.0,45.5,0.06641295350432662
8.489999999999863,-3.4334462864602067,5.404423836366242,45.741932437890235,-2.461234084211469,2.353977951928016,31.058124920257654,-2.0,4.0,45.5,0.02380194577138674
8.499999999999863,-3.407383242855124,5.384830221128958,45.76129416606977,-2.4520485402019534,2.346366300114088,31.07455370420457,-2.0,4.0,45.5,0.06511313255397763
8.509999999999863,-3.393047974335476,5.372398217354328,45.778671836981985,-2.4485209267279155,2.3426668821779817,31.090128138212748,-2.0,4.0,45.5,0.022006380994572076
8.519999999999863,-3.3671543467821565,5.352723799258304,45.79754127743628,-2.439235986819181,2.3350221390308605,31.10626866340356,-2.0,4.0,45.5,0.06200743642935237
8.529999999999863,-3.3546496651462814,5.341739825489622,45.81403230757058,-2.436418637148293,2.3320147667415707,31.121356572465828,-2.0,4.0,45.5,0.020588708745403448
8.539999999999862,-3.34033514239806,5.328674126778394,45.83062252709041,-2.4326265457291925,2.327937062497441,31.136377472468325,-2.0,4.0,45.5,0.023729988432153612
8.549999999999862,-3.3146036964830867,5.30874727267142,45.848487455597116,-2.423129776475431,2.3200220158029516,31.151819737163827,-2.0,4.0,45.5,0.0710480217491015
8.559999999999862,-3.3041564061019746,5.299429735321987,45.86353004897539,-2.4210361015779074,2.3177810416154654,31.16595565461592,-2.0,4.0,45.5,0.01905485774368918
8.569999999999862,-3.2926635337897685,5.288633485089418,45.8784450191714,-2.418341639280605,2.314769728654214,31.179872021352264,-2.0,4.0,45.5,0.021064755319742685
8.579999999999862,-3.279611799599001,5.2759213144497075,45.89329560168568,-2.414784439262988,2.310757926770093,31.193568456717507,-2.0,4.0,45.5,0.023753897974040494
8.589999999999861,-3.2641515944230806,5.260813599748691,45.90817398339429,-2.4099446861189366,2.305494357175638,31.207059365104385,-2.0,4.0,45.5,0.02782142523629633
8.599999999999861,-3.2387356769999567,5.240483354834618,45.92381311694882,-2.400107848239113,2.2971387544999433,31.22068328517552,-2.0,4.0,45.5,0.08093788109824966
8.60999999999986,-3.2309598651541127,5.233417868371188,45.936070165943924,-2.3988503054243537,2.29587147563115,31.232675257050907,-2.0,4.0,45.5,0.017099733750491942
8.61999999999986,-3.222569536651571,5.225234146579812,45.948021606602964,-2.397206330486174,2.2940087512880414,31.244294399868643,-2.0,4.0,45.5,0.01843225599341995
8.62999999999986,-3.2132613904369496,5.2156096588653496,45.9597125149716,-2.395017222669214,2.291379084447747,31.255539817491275,-2.0,4.0,45.5,0.020077933669678062
8.63999999999986,-3.2030068003124033,5.204616449426596,45.971117982460726,-2.391459581489581,2.2866401188035597,31.257194634247032,-2.0,4.0,45.5,0.021816184891165387
8.64999999999986,-3.1917718875450753,5.192328917230824,45.98221748662706,-2.387407254543341,2.2813385240804926,31.259336614293055,-2.0,4.0,45.5,0.023665294783768692
8.65999999999986,-3.179520529229872,5.178827443572047,45.992993683936795,-2.382839978982758,2.2755068180619578,31.261918138438478,-2.0,4.0,45.5,0.025634738082637273
8.66999999999986,-3.1661350082027804,5.164125063001752,46.00344729200205,-2.3776971085337877,2.269142828652523,31.26489891080762,-2.0,4.0,45.5,0.027863981621862686
8.67999999999986,-3.141484289538382,5.143430514990631,46.014720990723994,-2.3669792306594175,2.2593647459856663,31.268768164271684,-2.0,4.0,45.5,0.0875903037461966
8.68999999999986,-3.1364631232720477,5.138573086073035,46.02219308173129,-2.3659388965218646,2.2581513381570546,31.271529803053006,-2.0,4.0,45.5,0.015281061954712693
8.699999999999859,-3.1308837485214003,5.132535034150212,46.02933235158561,-2.36461286718119,2.25640830953361,31.274558375789447,-2.0,4.0,45.5,0.01654155044225693
8.709999999999859,-3.12443563493771,5.1249956354593005,46.036199881525725,-2.3628362899152577,2.253960494047453,31.277844660330196,-2.0,4.0,45.5,0.018078452287695897
8.719999999999859,-3.1170602189800913,5.115988113600721,46.04279586742418,-2.3605789313120127,2.250818324370229,31.281355618524493,-2.0,4.0,45.5,0.019744394892874082
8.729999999999858,-3.1086765691975105,5.105532823113788,46.04912686080459,-2.357799495531687,2.2469854410871144,31.28506099445226,-2.0,4.0,45.5,0.021584371544926335
8.739999999999858,-3.0991637626951,5.093630098256363,46.05520746332211,-2.3544367364238923,2.242454800602447,31.288934257462707,-2.0,4.0,45.5,0.02366683562497683
8.749999999999858,-3.0882672714510355,5.080184074455332,46.06107583085486,-2.3503629437557834,2.2371695377539442,31.292958971115063,-2.0,4.0,45.5,0.026215685121888262
8.759999999999858,-3.0647266505926556,5.059576089475553,46.068026800446574,-2.3400064789434545,2.2278173332697624,31.29770100919677,-2.0,4.0,45.5,0.08912965969213966
8.769999999999857,-3.0611647966680655,5.055473936707234,46.07123714038338,-2.3395244012612046,2.2273519316927075,31.301073957041336,-2.0,4.0,45.5,0.01478436149173554
8.779999999999857,-3.0567901269346467,5.049744055750041,46.074280523099844,-2.338622095651139,2.2260840479819795,31.304514873389614,-2.0,4.0,45.5,0.01654458887262645
8.789999999999857,-3.0432520021225287,5.035105912304942,46.07863854484374,-2.333131068387658,2.220331265050746,31.30858486869327,-2.0,4.0,45.5,0.018353310029813434
8.799999999999857,-3.020667059553741,5.014969610580151,46.08373956716034,-2.3231268733799695,2.2114598683917404,31.313100613491308,-2.0,4.0,45.5,0.06876928427256675
8.809999999999857,-3.0058210030507744,4.997805495477019,46.087730215037915,-2.3169145839845124,2.204480538723956,31.317164295381037,-2.0,4.0,45.5,0.02549657442370823
8.819999999999856,-2.9893675352283817,4.979570065592154,46.09159156493873,-2.309876328863318,2.196940704686302,31.321219345136132,-2.0,4.0,45.5,0.028003681620908952
8.829999999999856,-2.9682535963979664,4.960247147529795,46.09547670572415,-2.3004949383450466,2.188720946707388,31.32533858277838,-2.0,4.0,45.5,0.04095220992570107
8.839999999999856,-2.9476159581898207,4.9412948716348675,46.09898774991719,-2.2913151350481584,2.1806918955930907,31.329299000428115,-2.0,4.0,45.5,0.03926043581685106
8.849999999999856,-2.9274637168723356,4.9227281705889645,46.10215007634873,-2.28234505237388,2.1728328806092496,31.33309204577866,-2.0,4.0,45.5,0.03979851483528349
8.859999999999856,-2.9086546096764745,4.90465297533747,46.1049502717003,-2.2740079996718734,2.165230228657599,31.336683672834802,-2.0,4.0,45.5,0.03603864711250099
8.869999999999855,-2.889331101745906,4.8871007053287965,46.107436279300664,-2.265404316966169,2.1576219710724893,31.340120626083035,-2.0,4.0,45.5,0.06269457931927584
8.879999999999855,-2.877705640659919,4.872358360407431,46.10907592530744,-2.260573597506309,2.151710262716851,31.343072812757164,-2.0,4.0,45.5,0.027548725903495296
8.889999999999855,-2.8632276745219567,4.8562610976280665,46.11088370199228,-2.2542926940787424,2.1450514025287593,31.346016195745676,-2.0,4.0,45.5,0.03146178674570741
8.899999999999855,-2.8454158639869975,4.839720919759611,46.112740635948185,-2.2463322732888997,2.1379607361419635,31.34892122952619,-2.0,4.0,45.5,0.04939545873621563
8.909999999999854,-2.8281300894993273,4.823638140174818,46.114425414920255,-2.2385928564668873,2.131115173576406,31.351643841985275,-2.0,4.0,45.5,0.04364231890468214
8.919999999999854,-2.8113746446807735,4.808019974914264,46.115949093046176,-2.2310844175759676,2.124459058216159,31.354186664757993,-2.0,4.0,45.5,0.04378398830608907
8.929999999999854,-2.7952857988275377,4.793363271533247,46.11722797665378,-2.2238915793557017,2.1181006891826026,31.356528140966937,-2.0,4.0,45.5,0.059509724049263045
8.939999999999854,-2.786008058185669,4.780739824468258,46.11797173452753,-2.2200292660819407,2.112985152554611,31.35846553375431,-2.0,4.0,45.5,0.029471532297745944
8.949999999999854,-2.7707530251781085,4.766510016116083,46.11915928248124,-2.213172597875754,2.1068824348458333,31.36050060390658,-2.0,4.0,45.5,0.044221604402031794
8.959999999999853,-2.7560393664502936,4.752769231922061,46.12026521999817,-2.2065515315177464,2.1009643806473712,31.36237589762296,-2.0,4.0,45.5,0.04530181832635467
8.969999999999853,-2.743042068014197,4.7397379145138725,46.12123802461701,-2.200750217161776,2.0953792144508654,31.364058470296765,-2.0,4.0,45.5,0.03884034355139138
8.979999999999853,-2.7294524876131425,4.727319065758637,46.12215558703408,-2.1946465081687876,2.0898704691487,31.36561940968205,-2.0,4.0,45.5,0.06287439335928217
8.989999999999853,-2.7222168470304244,4.716962844802664,46.122660656859765,-2.1916393376506953,2.085628981935592,31.366826585622864,-2.0,4.0,45.5,0.030632906386923564
8.999999999999853,-2.7095504677397515,4.705178561610923,46.12362329616674,-2.185917713766933,2.0804695998753195,31.368141240764096,-2.0,4.0,45.5,0.04741084951140395
9.009999999999852,-2.69742480089503,4.693900611737777,46.124581457028036,-2.180431103425345,2.075521289686998,31.369334759516875,-2.0,4.0,45.5,0.04645734955990048
9.019999999999852,-2.6868326979912505,4.683367383724706,46.125474244707036,-2.1756770543495776,2.070906070735017,31.37038040856593,-2.0,4.0,45.5,0.039737238178723815
9.029999999999852,-2.675897762977151,4.673461848061523,46.126371612585075,-2.1707411765290843,2.0664339831466827,31.371338859791923,-2.0,4.0,45.5,0.05920087437951266
9.039999999999852,-2.670502086811179,4.665253105865379,46.126990475102716,-2.168498856515942,2.063004666248256,31.372026928556174,-2.0,4.0,45.5,0.03170721937377946
9.049999999999851,-2.660407245195596,4.6559637724045135,46.12802162567349,-2.163913203110667,2.0588295405374315,31.372827921234553,-2.0,4.0,45.5,0.049024016854031315
9.059999999999851,-2.6508382703747575,4.647179275011903,46.12908989380409,-2.159555799452164,2.054881425107391,31.373551557010806,-2.0,4.0,45.5,0.04659900343054711
9.069999999999851,-2.642652869284454,4.639048982031995,46.13014569553479,-2.15585630779195,2.051237318210543,31.37417855029301,-2.0,4.0,45.5,0.04052301077448222
9.07999999999985,-2.634311354028486,4.631660164332222,46.13120589467249,-2.1520718884511005,2.0477987143129575,31.374750652364195,-2.0,4.0,45.5,0.05772555470593627
9.08999999999985,-2.6304653745919464,4.625481241913009,46.132111533391914,-2.1504630252418195,2.04514332786197,31.375143049595795,-2.0,4.0,45.5,0.03272905887977754
9.09999999999985,-2.622862106806571,4.618650099715874,46.133338683094806,-2.1469846493668463,2.0419669953709474,31.37564385055321,-2.0,4.0,45.5,0.049484113075674185
9.10999999999985,-2.6157583998202236,4.612304761434102,46.13461356042291,-2.143722589349707,2.039025271316916,31.376107477460625,-2.0,4.0,45.5,0.04589608150336596
9.11999999999985,-2.6097079239851766,4.6065018235654085,46.135903210548676,-2.1409560407848396,2.0363397036012927,31.37652464436662,-2.0,4.0,45.5,0.0415019434390176
9.12999999999985,-2.604032388301262,4.60140783910784,46.13718505211523,-2.138364425147941,2.033898564450368,31.376910499908366,-2.0,4.0,45.5,0.04172126176477871
9.13999999999985,-2.599006439368605,4.596737448850686,46.1385191172613,-2.1360597679884172,2.0317097557480843,31.37727692279962,-2.0,4.0,45.5,0.03308417292323659
9.14999999999985,-2.5943709978586704,4.59250290291983,46.13988534864688,-2.133929151023224,2.02968880863054,31.37763462152907,-2.0,4.0,45.5,0.03495092865519755
9.15999999999985,-2.5901895364131415,4.588682898255657,46.14128393981744,-2.132000621079282,2.0278504745671087,31.37798779643535,-2.0,4.0,45.5,0.034983682310465655
9.169999999999849,-2.5864330238474595,4.585273957315834,46.14270766838445,-2.130261656129342,2.026187014774474,31.378341473659276,-2.0,4.0,45.5,0.03575360885495568
9.179999999999849,-2.583093439791346,4.5822678766254255,46.144150900500904,-2.128708517708038,2.0246980428354107,31.3786998727853,-2.0,4.0,45.5,0.03644614970870174
9.189999999999849,-2.5801575799621626,4.579657446424649,46.145606931192965,-2.127335281482413,2.023381486210809,31.37906674428991,-2.0,4.0,45.5,0.03717268134104236
9.199999999999848,-2.5776158559751208,4.577437514564671,46.14706822673807,-2.1261377691491354,2.0222366603718793,31.379445120615095,-2.0,4.0,45.5,0.03779041315412644
9.209999999999848,-2.575482587916481,4.5756146175931445,46.14852437198167,-2.1251237104541256,2.0212686826325523,31.379836422730847,-2.0,4.0,45.5,0.03784960314577362
9.219999999999848,-2.573686023813971,4.57414282177262,46.14997509820905,-2.124257744146682,2.0204581668583548,31.380245827254974,-2.0,4.0,45.5,0.03896221119788729
9.229999999999848,-2.572230768867228,4.573036466081835,46.151407828292015,-2.1235433509937525,2.0198106988442976,31.380673567358762,-2.0,4.0,45.5,0.03950045803862021
9.239999999999847,-2.5711019471762624,4.572289103658287,46.15281446861312,-2.122973504001539,2.0193264256397097,31.381120723547458,-2.0,4.0,45.5,0.039787371751318426
9.249999999999847,-2.5702700998793317,4.571891141916652,46.15418720102395,-2.122534291675457,2.0190017493846746,31.381588342784575,-2.0,4.0,45.5,0.040045988498675904
9.259999999999847,-2.5697687665213422,4.571688511248359,46.15553957894874,-2.1222394960490294,2.018780857933601,31.382081754845398,-2.0,4.0,45.5,0.03852142264706593
9.269999999999847,-2.5694753628497145,4.5717215220849265,46.15685221835445,-2.1220348870933634,2.0186509594036153,31.382600993979896,-2.0,4.0,45.5,0.04001978192767859
9.279999999999847,-2.5694597358432296,4.57207427015191,46.15810510387528,-2.121953447202351,2.0186694987177485,31.383139392142084,-2.0,4.0,45.5,0.04005480663450409
9.289999999999846,-2.5697340289433597,4.572736538214045,46.159290101884906,-2.122001324889421,2.0188361838020352,31.383695227332954,-2.0,4.0,45.5,0.03971498218214632
9.299999999999846,-2.570294401953283,4.573707895248714,46.160397326552214,-2.122177541954997,2.0191507226589653,31.38426633092634,-2.0,4.0,45.5,0.03929793996173708
9.309999999999846,-2.571172049634503,4.574968960583895,46.161418430495566,-2.1224983514548548,2.019604221331246,31.384850155910716,-2.0,4.0,45.5,0.03907730441268567
9.319999999999846,-2.5723614820414937,4.576513935685622,46.1623455430188,-2.1229613562979317,2.020197170064499,31.385444102130712,-2.0,4.0,45.5,0.038644819045897304
9.329999999999846,-2.5738529601733355,4.578332878469901,46.16317122133517,-2.1235623790683675,2.0209259449059314,31.386045523142776,-2.0,4.0,45.5,0.03820099911176944
9.339999999999845,-2.5756368542873753,4.58041434362585,46.16388835599109,-2.124297389474986,2.0217855912079976,31.386651541156077,-2.0,4.0,45.5,0.037798938695268534
9.349999999999845,-2.5777035270368507,4.582746936000105,46.164490222035454,-2.125162307026329,2.022771423258709,31.387259012127014,-2.0,4.0,45.5,0.03740896281496749
9.359999999999845,-2.5800433107242324,4.58531969307027,46.16497045299547,-2.1261529998683706,2.023879153653683,31.387864537741667,-2.0,4.0,45.5,0.03700656323673036
9.369999999999845,-2.582646588597563,4.588121221946671,46.1653230396939,-2.127265421684701,2.025103883135166,31.388464526072408,-2.0,4.0,45.5,0.03662511624395666
9.379999999999844,-2.5855037571872908,4.591140320544417,46.165542399125016,-2.1284955133102876,2.0264408729189434,31.389055195851927,-2.0,4.0,45.5,0.03625207387425415
9.389999999999844,-2.5886052428926445,4.594365879821276,46.16562337098432,-2.1298392394641894,2.0278853202909914,31.389632608244437,-2.0,4.0,45.5,0.035892128390761134
9.399999999999844,-2.591941461570117,4.597787534501461,46.165561271609995,-2.131292493273967,2.02943313035615,31.39019266926362,-2.0,4.0,45.5,0.035505039606760325
9.409999999999844,-2.595502956019817,4.601393999341827,46.165351860978504,-2.132851339450699,2.031079024629861,31.39073122439894,-2.0,4.0,45.5,0.035155732572166275
9.419999999999844,-2.599178672701097,4.6049255441187436,46.16502238281177,-2.134464640009554,2.032671617612389,31.39125713852846,-2.0,4.0,45.5,0.03717956446461964
9.429999999999843,-2.602892556016665,4.608403260250842,46.16457823961447,-2.1360887299370113,2.034261025582534,31.391766480119724,-2.0,4.0,45.5,0.03529869548974619
9.439999999999843,-2.606796753245013,4.612019440992282,46.163980755173,-2.137802610654848,2.0359289951733133,31.39224232111031,-2.0,4.0,45.5,0.03478383388869677
9.449999999999843,-2.61088216896872,4.615764250946922,46.163227635758325,-2.1396028469426227,2.037668919918465,31.392680345485644,-2.0,4.0,45.5,0.034478886400588014
9.459999999999843,-2.6151395793995937,4.6196278282151875,46.16231757632027,-2.1414855613077393,2.0394758118436354,31.393076312604627,-2.0,4.0,45.5,0.03421452517771137
9.469999999999843,-2.619560503149219,4.623601309215099,46.16124974781029,-2.143447180972398,2.041345487276,31.393426004899055,-2.0,4.0,45.5,0.03395612604401016
9.479999999999842,-2.6241363838869938,4.627675799754012,46.16002386802117,-2.145484090583487,2.0432736804055764,31.393725312648314,-2.0,4.0,45.5,0.033705212588898276
9.489999999999842,-2.6288586159577547,4.6318424271335905,46.15864016883999,-2.1475926567553465,2.0452559878494547,31.393970252232698,-2.0,4.0,45.5,0.03347167249608985
9.499999999999842,-2.633718920319439,4.636092807716888,46.157099354383234,-2.149769389068677,2.0472882669761066,31.39415695719947,-2.0,4.0,45.5,0.03324944123939319
9.509999999999842,-2.6387087835435814,4.640420606682138,46.155402601690824,-2.15201054218306,2.049368190399912,31.39428164306497,-2.0,4.0,45.5,0.03295453877196983
9.519999999999841,-2.6438207683752797,4.644815763713705,46.15355199405009,-2.1543129275073056,2.0514913096972207,31.39434084258726,-2.0,4.0,45.5,0.032605278241533545
9.529999999999841,-2.649044167840269,4.649266092020641,46.15154932961899,-2.1566724448965964,2.053647308128292,31.39433145330856,-2.0,4.0,45.5,0.03267979051675607
9.539999999999841,-2.6543716793296057,4.653766756904825,46.14939744486073,-2.159085669865334,2.0558360821740074,31.39425019160073,-2.0,4.0,45.5,0.032534159348049665
9.54999999999984,-2.659797625101317,4.658312507498907,46.147099296158146,-2.1615501880668044,2.05805593809834,31.394093974782955,-2.0,4.0,45.5,0.03229169556227666
9.55999999999984,-2.6653142681365987,4.662896105114575,46.1446581545029,-2.1640628327877884,2.060302248106545,31.39386009367546,-2.0,4.0,45.5,0.032142683669335495
9.56999999999984,-2.67091438840751,4.667510950102005,46.142077871239444,-2.166620526726536,2.0625716915924883,31.39354604820148,-2.0,4.0,45.5,0.0319876282012728
9.57999999999984,-2.676590481385367,4.672150262474848,46.13936263277559,-2.169220100764189,2.0648603976796225,31.393149610496756,-2.0,4.0,45.5,0.03187110311473391
9.58999999999984,-2.682335663412349,4.676807984243279,46.13651702514481,-2.171858602777938,2.0671653651037722,31.392668771542354,-2.0,4.0,45.5,0.03173980487865716
9.59999999999984,-2.6881428469340407,4.681477952808734,46.133545917982566,-2.1745330235780536,2.0694831148531723,31.392101803214864,-2.0,4.0,45.5,0.03163515240152197
9.60999999999984,-2.6940054931744166,4.686154644410675,46.13045453820717,-2.177240541085528,2.0718109689443174,31.391447212127257,-2.0,4.0,45.5,0.031506019493616005
9.61999999999984,-2.699916075379172,4.690831665708285,46.12724830147874,-2.179977984648996,2.07414467714133,31.39070384767761,-2.0,4.0,45.5,0.03147000785777519
9.62999999999984,-2.7058686730234784,4.695504290954895,46.123933004272736,-2.182742755853862,2.076482319113898,31.389870728595714,-2.0,4.0,45.5,0.03137184371646528
9.639999999999839,-2.711856790723894,4.700167313138043,46.12051455800141,-2.185532087456305,2.0788207862078245,31.38894719148694,-2.0,4.0,45.5,0.031308279895321894
9.649999999999839,-2.7178741495172622,4.704815825646144,46.11699912376143,-2.188343270017544,2.0811573571990896,31.387932837218802,-2.0,4.0,45.5,0.031255125850162664
9.659999999999838,-2.723914638381295,4.7094451657801315,46.11339303868312,-2.1911736600988583,2.0834894469755696,31.386827532091058,-2.0,4.0,45.5,0.03121103219921783
9.669999999999838,-2.729972506811755,4.714051092795692,46.10970281218577,-2.194020747205201,2.085814915780162,31.38563139290158,-2.0,4.0,45.5,0.031150627100277026
9.679999999999838,-2.7360412772779945,4.718628747726249,46.10593501899024,-2.196881753031882,2.088130493119459,31.38434485698183,-2.0,4.0,45.5,0.03116375200790719
9.689999999999838,-2.7421156525372816,4.723174470364519,46.10209642206526,-2.199754331211011,2.090434567243001,31.38296854745648,-2.0,4.0,45.5,0.031137640745707358
9.699999999999838,-2.7481902336577075,4.727684559543724,46.09819380148126,-2.2026361233240728,2.0927251169260708,31.381503355160042,-2.0,4.0,45.5,0.03111375514505111
9.709999999999837,-2.7542592600047406,4.732155034748245,46.09423397130319,-2.2055246213063207,2.0949996193932545,31.37995044388495,-2.0,4.0,45.5,0.03113411754874575
9.719999999999837,-2.7603176562233838,4.7365826209878135,46.090223836659725,-2.208417573986466,2.0972564791677026,31.378311188155703,-2.0,4.0,45.5,0.031136893407537596
9.729999999999837,-2.766360401807025,4.740964139693505,46.086170276078,-2.2113127600092923,2.0994940191785503,31.376587190947227,-2.0,4.0,45.5,0.031137167838048766
9.739999999999837,-2.7723822582302264,4.745296256509362,46.08208014262166,-2.214207870602767,2.1017102300824,31.374780298883262,-2.0,4.0,45.5,0.031165317406236615
9.749999999999837,-2.778378213027468,4.749575891436569,46.077960260464174,-2.217100673720683,2.1039033744645814,31.372892562031524,-2.0,4.0,45.5,0.03120831882366916
9.759999999999836,-2.7843438558047855,4.753800557081829,46.073817417021516,-2.2199891762246082,2.1060724186924045,31.37092620157143,-2.0,4.0,45.5,0.03122088065680186
9.769999999999836,-2.790274240095219,4.7579672988873165,46.069658258532336,-2.2228711874295115,2.1082154518037135,31.368883668250902,-2.0,4.0,45.5,0.03127880480949707
9.779999999999836,-2.7961651891672985,4.762073901166521,46.06548940100693,-2.2257447997666304,2.1103316496877014,31.366767549512808,-2.0,4.0,45.5,0.031302078612552305
9.789999999999836,-2.80201213117151,4.76611780228219,46.06131728087491,-2.2286079635914473,2.1124194832789196,31.364580624562354,-2.0,4.0,45.5,0.03135395932771736
9.799999999999836,-2.807810495496675,4.770096464422805,46.05714820637445,-2.231458623337392,2.1144773781775026,31.362325841132883,-2.0,4.0,45.5,0.031445127057791414
9.809999999999835,-2.8135571117655,4.77400863726866,46.05298841353937,-2.234295270237567,2.1165055835843964,31.360006202543325,-2.0,4.0,45.5,0.03143821349172429
9.819999999999835,-2.819247383500357,4.777851771320009,46.04884384960584,-2.2371158517936927,2.1185022104110254,31.357624945766958,-2.0,4.0,45.5,0.03150955576499798
9.829999999999835,-2.824877411153135,4.781623963460516,46.044720380516516,-2.239918556079264,2.1204664982538315,31.355185382878823,-2.0,4.0,45.5,0.03156845821214892
9.839999999999835,-2.830443452310394,4.785323448099349,46.0406236446447,-2.242701649598917,2.122397680915311,31.352690921859953,-2.0,4.0,45.5,0.031625771024697436
9.849999999999834,-2.835941881089167,4.788948558916484,46.0365590765082,-2.2454634456862443,2.124295039565492,31.3501450665223,-2.0,4.0,45.5,0.031683756309480796
9.859999999999834,-2.841369189883725,4.7924977262651165,46.032531899753344,-2.248202302973112,2.12615792484942,31.347551402102948,-2.0,4.0,45.5,0.03174198207317416
9.869999999999834,-2.8467220891243272,4.795969561463386,46.02854711508282,-2.2509166665135965,2.127985913790866,31.344913559549298,-2.0,4.0,45.5,0.03178637619183026
9.879999999999834,-2.8519970094456415,4.799362407787509,46.02460946590903,-2.253604871603713,2.1297780945861717,31.34223525127523,-2.0,4.0,45.5,0.031862487313681125
9.889999999999834,-2.8571909898638417,4.80267513428709,46.02072349746224,-2.2562654896365295,2.131534309305957,31.339520198440386,-2.0,4.0,45.5,0.031912630120459085
9.899999999999833,-2.862300998747092,4.805906518706613,46.01689347412258,-2.2588970741848975,2.1332541316740397,31.33677215477229,-2.0,4.0,45.5,0.03196560304156282
9.909999999999833,-2.8673241100805,4.809055406317744,46.01312342467312,-2.2614982154810335,2.134937216955913,31.333994893088978,-2.0,4.0,45.5,0.03201742903770713
9.919999999999833,-2.87225761098696,4.8121208007757685,46.00941713255601,-2.2640675878116667,2.136583431310175,31.331192177329136,-2.0,4.0,45.5,0.0320536134425424
9.929999999999833,-2.877098509748258,4.815101424758828,46.00577810304177,-2.266603753179343,2.1381921437441505,31.328367794512637,-2.0,4.0,45.5,0.03211990012110306
9.939999999999833,-2.8818445132572506,4.817996585803489,46.00220962616513,-2.2691055497234913,2.139763606625742,31.3255254649086,-2.0,4.0,45.5,0.032144716002279514
9.949999999999832,-2.8864928578732316,4.820805133259222,45.99871467721273,-2.2715716374443358,2.141297241348808,31.32266891871087,-2.0,4.0,45.5,0.0322042625513077
9.959999999999832,-2.8910413750980193,4.823526404977703,45.9952960215956,-2.2740009057197277,2.142793226445203,31.319801811960065,-2.0,4.0,45.5,0.0322357627947608
9.969999999999832,-2.8954879161806204,4.826159709430276,45.991956150666965,-2.276392257623222,2.144251601636496,31.316927758521977,-2.0,4.0,45.5,0.03225535893916503
9.979999999999832,-2.899830044016614,4.828704057699513,45.98869728771736,-2.2787444799158934,2.1456719314333896,31.314050338426846,-2.0,4.0,45.5,0.03230492887515629
9.989999999999831,-2.904066012977316,4.831159026350032,45.985521453702695,-2.281056632234286,2.1470546418349667,31.311173023087093,-2.0,4.0,45.5,0.03231220063229831
9.999999999999831,-2.908193708738807,4.8335238149974495,45.98243036898952,-2.283327631560873,2.148399482943731,31.30829923389403,-2.0,4.0,45.5,0.03233960339169332
10.009999999999831,-2.9122112071128354,4.835797744555181,45.979425535053046,-2.2855564658453957,2.149706388714255,31.305432305733568,-2.0,4.0,45.5,0.032372148117670016
10.01999999999983,-2.916117093632664,4.837980532856237,45.976508234562466,-2.287742332685607,2.150975831650955,31.302575452880898,-2.0,4.0,45.5,0.03236639425137854
10.02999999999983,-2.919909569867552,4.840071507026081,45.973679481889015,-2.289884278203399,2.1522076171295126,31.299731824364624,-2.0,4.0,45.5,0.03238211708590966
10.03999999999983,-2.923586751726422,4.842069870526659,45.97094005970236,-2.29198131318169,2.1534013324885817,31.296904476623656,-2.0,4.0,45.5,0.03244118927047477
10.04999999999983,-2.927148364178724,4.84397618617356,45.968290622922325,-2.2940330976510803,2.154558601775843,31.294096248938093,-2.0,4.0,45.5,0.03236746432101344
10.05999999999983,-2.9305923823728444,4.845789421463546,45.96573148594808,-2.296038596416313,2.155678472427127,31.291310000783863,-2.0,4.0,45.5,0.03238765824774814
10.06999999999983,-2.933917595609735,4.847509214663972,45.96326287417303,-2.2979970719925973,2.1567612455497844,31.288548421328954,-2.0,4.0,45.5,0.03238497899862264
10.07999999999983,-2.937107419984239,4.849129415569345,45.9608875221113,-2.2998996534333536,2.157808903891631,31.285814741370388,-2.0,4.0,45.5,0.03175707241130341
10.08999999999983,-2.9401423729342784,4.850643729155297,45.95860782446408,-2.3017361551512785,2.1588219995065443,31.283112165542793,-2.0,4.0,45.5,0.030651592893839306
10.09999999999983,-2.9429982408621966,4.852043426493098,45.95642546536526,-2.3034945000083944,2.15979533721367,31.280444041983657,-2.0,4.0,45.5,0.02964353987008981
10.109999999999829,-2.9456581509029975,4.853324170456871,45.95434110330152,-2.3051662288714247,2.1607261052166358,31.277813191678604,-2.0,4.0,45.5,0.02871097352148428
10.119999999999829,-2.9481065085854663,4.8544819754359745,45.95235520150657,-2.3067435083618513,2.1616116860527392,31.275222258528753,-2.0,4.0,45.5,0.027854244307962735
10.129999999999828,-2.9503238129149825,4.855510267651299,45.950468668474876,-2.308216558384,2.1624480403374986,31.27267399301713,-2.0,4.0,45.5,0.027093011182224423
10.139999999999828,-2.952300178402316,4.856407519904539,45.94868125331896,-2.309580337236834,2.163233889864088,31.27017052557335,-2.0,4.0,45.5,0.02639683754429881
10.149999999999828,-2.9540237394598905,4.857170050427294,45.94699303728076,-2.310828814487504,2.1639667897862083,31.267714020064638,-2.0,4.0,45.5,0.0257787247272778
10.159999999999828,-2.955487287214939,4.857795902508882,45.94540363292652,-2.311958245816264,2.1646452509586442,31.26530631568674,-2.0,4.0,45.5,0.025226223414834496
10.169999999999828,-2.956681271499945,4.858280563106788,45.94391307552529,-2.3129637164688863,2.1652663995354082,31.26294932087392,-2.0,4.0,45.5,0.024753965071339968
10.179999999999827,-2.9576030272623943,4.858622612163389,45.942520669642235,-2.3138436983274993,2.1658290648815033,31.26064450194334,-2.0,4.0,45.5,0.024340139732400567
10.189999999999827,-2.9582472121262158,4.858817685964434,45.94122622523496,-2.3145953284110234,2.166330484007295,31.25839342990853,-2.0,4.0,45.5,0.02400063321481017
10.199999999999827,-2.9586172287550228,4.8588658842382815,45.94002856884086,-2.3152200482679035,2.1667703431371117,31.256197127408957,-2.0,4.0,45.5,0.023704485507149948
10.209999999999827,-2.9587093243554428,4.85876136802162,45.93892763903745,-2.315715754647865,2.167145103171027,31.254056993247968,-2.0,4.0,45.5,0.023485693456457117
10.219999999999827,-2.9585281624365467,4.858503200784774,45.93792235409788,-2.3160844842904247,2.1674538954256004,31.251973876719255,-2.0,4.0,45.5,0.023312837444102823
10.229999999999826,-2.9580774108528978,4.85808880687182,45.93701190323554,-2.316327773229062,2.167694964750069,31.249948643741664,-2.0,4.0,45.5,0.023193641241575292
10.239999999999826,-2.957362431065804,4.857516159853743,45.93619533591551,-2.3164479810695586,2.167866851123499,31.247982006745946,-2.0,4.0,45.5,0.02312359454514421
10.249999999999826,-2.9563895613549405,4.856783439072063,45.9354716391499,-2.3164479392327872,2.167968199204623,31.24607456511503,-2.0,4.0,45.5,0.023100811856663638
10.259999999999826,-2.9551663108413293,4.855889372031194,45.93483968232446,-2.316331047193831,2.167997939767215,31.24422678772184,-2.0,4.0,45.5,0.023121933011750258
10.269999999999825,-2.9537011843030254,4.854833273945595,45.93429821810341,-2.3161011869750894,2.1679553080459595,31.242439020888536,-2.0,4.0,45.5,0.0231837886677693
10.279999999999825,-2.9520035461659857,4.853615102557266,45.933845878884185,-2.315762656827502,2.1678398708662603,31.240711493487765,-2.0,4.0,45.5,0.02328323989249943
10.289999999999825,-2.9500836333425755,4.852235611686116,45.93348115303118,-2.315320178358153,2.1676516081937542,31.23904431299288,-2.0,4.0,45.5,0.023416490007379547
10.299999999999825,-2.950458157381408,4.851469022488195,45.932789626771736,-2.3161071574431062,2.1670450315751104,31.237335482969513,-2.0,4.0,45.5,0.09898907840941935
10.309999999999825,-2.9509919681224717,4.8506470488472795,45.93228422897833,-2.3169189302000386,2.166949653848137,31.23567021785094,-2.0,4.0,45.5,0.055428404142948404
10.319999999999824,-2.9514143166535143,4.849753894519851,45.93189197089924,-2.3176587863233062,2.167019093665086,31.23405827895443,-2.0,4.0,45.5,0.03057951314470185
10.329999999999824,-2.9517218015283913,4.848792145517361,45.931564776471596,-2.3183453807951113,2.167076485847883,31.23250046154674,-2.0,4.0,45.5,0.02888874289106687
10.339999999999824,-2.9519155923278846,4.847761468996597,45.93129664674436,-2.3189805215677595,2.1671094927722,31.230996785224153,-2.0,4.0,45.5,0.028776786326496696
10.349999999999824,-2.9519969067138025,4.846662207029814,45.93108447635123,-2.3195646711437408,2.167117867257183,31.229547047622695,-2.0,4.0,45.5,0.028739405722620622
10.359999999999824,-2.951967097140997,4.845494590320928,45.93092533335464,-2.3200982993044765,2.1671017518471136,31.22815091626261,-2.0,4.0,45.5,0.02871679147055056
10.369999999999823,-2.951827559674865,4.844258878252823,45.930816358563476,-2.3205818813135153,2.167061372120184,31.226807934889017,-2.0,4.0,45.5,0.02869598569999449
10.379999999999823,-2.9515797325459134,4.842955352146868,45.93075475139218,-2.3210159077238828,2.166996943203488,31.225517532380678,-2.0,4.0,45.5,0.028675809685062836
10.389999999999823,-2.9512251049792226,4.841584293289744,45.930737775491856,-2.3214008930571346,2.1669086358414447,31.22427903217987,-2.0,4.0,45.5,0.028658143562259406
10.399999999999823,-2.950765207877238,4.840145996228173,45.930762768699495,-2.321737369086584,2.166796602471278,31.223091659455168,-2.0,4.0,45.5,0.028642438831689127
10.409999999999823,-2.9502016116216674,4.838640768024623,45.93082714827272,-2.322025884876819,2.1666609723624273,31.221954549883304,-2.0,4.0,45.5,0.028628868210934
10.419999999999822,-2.9495359229346354,4.837068929639016,45.93092841673599,-2.3222670056116677,2.1665018539428496,31.220866758101817,-2.0,4.0,45.5,0.028617521286505403
10.429999999999822,-2.9487698346376825,4.835430719870622,45.93106415268984,-2.3224613500640388,2.166319188697889,31.219827269157452,-2.0,4.0,45.5,0.02862216997301593
10.439999999999822,-2.9479047505319698,4.833726988983144,45.93123211099496,-2.322609319494823,2.1661137832285804,31.218834982575874,-2.0,4.0,45.5,0.028562691124332372
10.449999999999822,-2.9469427948594515,4.831957297529189,45.931429957250515,-2.3227118370985704,2.1658844564538406,31.21788878434965,-2.0,4.0,45.5,0.028618292483180274
10.459999999999821,-2.9458854813555004,4.830122444188902,45.93165568258055,-2.3227693438344303,2.1656320477682183,31.216987469204632,-2.0,4.0,45.5,0.02859725155979073
10.469999999999821,-2.9447345457965217,4.828222845786942,45.9319072445161,-2.3227824821647935,2.165356461349955,31.216129803548608,-2.0,4.0,45.5,0.028595850741924708
10.479999999999821,-2.9434917514045797,4.826258931741027,45.93218273671746,-2.3227518938301794,2.165057703662889,31.215314518711686,-2.0,4.0,45.5,0.02859870411393725
10.48999999999982,-2.9421588769162943,4.824231156222083,45.932480363112276,-2.3226782272971356,2.164735788231049,31.214540317553308,-2.0,4.0,45.5,0.028603951312412952
10.49999999999982,-2.9407377148304503,4.822139997136688,45.93279843541662,-2.322562139322787,2.164390722981052,31.213805881565367,-2.0,4.0,45.5,0.028611539891301302
10.50999999999982,-2.9392300690456827,4.819985956570877,45.93313537297164,-2.322404292835084,2.1640225095936017,31.21310987704687,-2.0,4.0,45.5,0.02862142888379763
10.51999999999982,-2.937637752344494,4.81776954909715,45.933489688188786,-2.322205361830708,2.1636310444666034,31.21245096189773,-2.0,4.0,45.5,0.028633006379235777
10.52999999999982,-2.9359625858527276,4.815491343127397,45.933860045195246,-2.3219660148177144,2.163216528104684,31.21182778677808,-2.0,4.0,45.5,0.028648446019417316
10.53999999999982,-2.9342063940771292,4.813151903448431,45.93424515347355,-2.321686943645918,2.162778759323492,31.211239010230987,-2.0,4.0,45.5,0.02866384875720507
10.54999999999982,-2.932371005419718,4.810751851948825,45.934643885149924,-2.3213688161342745,2.162317937672595,31.210683292229096,-2.0,4.0,45.5,0.028683433021361483
10.55999999999982,-2.9304582485743698,4.808291808466059,45.93505515482038,-2.3210123410789407,2.1618338653419418,31.210159310691232,-2.0,4.0,45.5,0.028702796363250696
10.569999999999819,-2.928469951381867,4.805772450858211,45.935478034853354,-2.3206181817749965,2.161326749941056,31.20966575454433,-2.0,4.0,45.5,0.02872611218246514
10.579999999999819,-2.926408052424336,4.80319425076338,45.935911605501005,-2.320187147657301,2.1607960949483456,31.209201345606886,-2.0,4.0,45.5,0.028778099977877253
10.589999999999819,-2.924274040806329,4.80055855956609,45.936355206988516,-2.3197196482457905,2.1602430089629348,31.208764799302287,-2.0,4.0,45.5,0.028753533924301498
10.599999999999818,-2.9220699483771857,4.7978657084597005,45.93680805848276,-2.319216578235821,2.1596666880207174,31.208354895675615,-2.0,4.0,45.5,0.02880071862014042
10.609999999999818,-2.9197975922145933,4.795116459262842,45.93726958873892,-2.3186786427630643,2.1590672034376373,31.207970432959332,-2.0,4.0,45.5,0.028830415078649124
10.619999999999818,-2.917458770825186,4.792311635294028,45.937739318463066,-2.3181064811240937,2.158444813730039,31.207610239834686,-2.0,4.0,45.5,0.02886120757512722
10.629999999999818,-2.915055277276688,4.789452058202798,45.93821678719932,-2.3175008445296084,2.1577993836129927,31.20727318687746,-2.0,4.0,45.5,0.028891089766372863
10.639999999999818,-2.912588890173634,4.786538607170257,45.93870166257212,-2.316862362676414,2.1571311766048336,31.206958178830455,-2.0,4.0,45.5,0.028923929419565106
10.649999999999817,-2.910061381031307,4.783572161779472,45.93919362691501,-2.3161917946848725,2.1564400831403865,31.20666416604709,-2.0,4.0,45.5,0.02895566309249619
10.659999999999817,-2.9074745037265153,4.780553658732762,45.93969248080194,-2.3154897561169956,2.155726391935337,31.206390136759943,-2.0,4.0,45.5,0.028990039466749332
10.669999999999817,-2.9048298890022726,4.777484248748907,45.94019807369929,-2.3147568834170578,2.1549904253546437,31.206135120482003,-2.0,4.0,45.5,0.02899477138217463
10.679999999999817,-2.902129599266113,4.774364290651509,45.940710202801455,-2.3139941558852364,2.154231335597824,31.20589821546094,-2.0,4.0,45.5,0.02907955213399277
10.689999999999817,-2.8993751303371758,4.771195214038627,45.94122891989556,-2.313201980763072,2.1534501743883196,31.205678532114895,-2.0,4.0,45.5,0.02909483709393566
10.699999999999816,-2.896568173480627,4.767978056128414,45.94175416176007,-2.312381096622481,2.1526468753513477,31.205475241328607,-2.0,4.0,45.5,0.029127456705943872
10.709999999999816,-2.893710416679047,4.764713864900616,45.94228593831118,-2.3115322316429143,2.1518215023893124,31.205287560823912,-2.0,4.0,45.5,0.029161819209451705
10.719999999999816,-2.890803522190807,4.761403741244217,45.94282433607652,-2.3106559552508585,2.150974425799905,31.20511475151367,-2.0,4.0,45.5,0.0291974783699309
10.729999999999816,-2.8878491388233956,4.758048797544033,45.94336943652008,-2.309752983796823,2.150105767308198,31.204956122900505,-2.0,4.0,45.5,0.029231582991121472
10.739999999999815,-2.8848489038786114,4.754650162644956,45.943921348270635,-2.3088240376509686,2.1492156600252272,31.20481102944858,-2.0,4.0,45.5,0.02926522100057459
10.749999999999815,-2.881804427419953,4.7512090132215485,45.94448023765923,-2.3078696608798874,2.1483045181271447,31.204678868030083,-2.0,4.0,45.5,0.029299696806188585
10.759999999999815,-2.8787173061672195,4.747726536116011,45.94504625468004,-2.3068905636613053,2.147372518094917,31.204559081497006,-2.0,4.0,45.5,0.02933232823205021
10.769999999999815,-2.875589125391694,4.744203933055124,45.94561956348055,-2.3058874595625873,2.1464198486228447,31.204451155439767,-2.0,4.0,45.5,0.029364137268167376
10.779999999999815,-2.8724214984918763,4.7406423478945525,45.94620035628805,-2.304860912192304,2.145446814691093,31.20435461741128,-2.0,4.0,45.5,0.029411114191251884
10.789999999999814,-2.8692158063605997,4.737043335688183,45.9467888431631,-2.303811560960586,2.1444540076899337,31.20426902650839,-2.0,4.0,45.5,0.02941467194068347
10.799999999999814,-2.8659736795192643,4.733407977289122,45.94738519452841,-2.3027400046131596,2.1434415494699763,31.204193992509214,-2.0,4.0,45.5,0.02945541255355788
10.809999999999814,-2.8626966289442284,4.72973756776768,45.9479896098151,-2.3016469307397465,2.142409774691096,31.204129157819146,-2.0,4.0,45.5,0.029484230215523273
10.819999999999814,-2.859386151766184,4.726033416637561,45.94860226766461,-2.3005330391547396,2.1413589686402563,31.204074200089543,-2.0,4.0,45.5,0.029510849565037273
10.829999999999814,-2.8560437143976447,4.722296871611836,45.94922336721513,-2.299398802277313,2.14028966370703,31.204028828362528,-2.0,4.0,45.5,0.02953731717694242
10.839999999999813,-2.8526707722132882,4.7185292860030765,45.94985306732133,-2.2982449103938656,2.139202178092619,31.203992785532314,-2.0,4.0,45.5,0.029561344798197085
10.849999999999813,-2.8492687714618734,4.714732022624835,45.95049151358902,-2.29707205698185,2.13809684260787,31.20396584367313,-2.0,4.0,45.5,0.029583841016767636
10.859999999999813,-2.8458391267084604,4.710906479903605,45.951138862993666,-2.2958806896926234,2.1369742298618917,31.20394780138178,-2.0,4.0,45.5,0.029605907060876423
10.869999999999813,-2.842383242740413,4.707054059887387,45.95179522603581,-2.294671490320802,2.135834706575175,31.20393848346824,-2.0,4.0,45.5,0.02962538946834957
10.879999999999812,-2.8389025164405597,4.703176171559564,45.95246069239098,-2.2934451429091887,2.134678650050691,31.20393773869116,-2.0,4.0,45.5,0.029643155979959635
10.889999999999812,-2.8353983127877855,4.699274256046439,45.95313535565581,-2.292202071788978,2.1335066698674154,31.203945436024213,-2.0,4.0,45.5,0.029660311181247387
10.899999999999812,-2.8318719884769696,4.695349755901302,45.953819258560955,-2.290942950672683,2.1323191771739225,31.203961464217212,-2.0,4.0,45.5,0.029674799207388098
10.909999999999812,-2.828324893727517,4.691404118128512,45.9545124177402,-2.2896684554496076,2.1311165923226043,31.20398572960419,-2.0,4.0,45.5,0.029687457795192485
10.919999999999812,-2.824758346782315,4.687438818220998,45.955214847619175,-2.2883789879884584,2.1298995573854427,31.204018153208512,-2.0,4.0,45.5,0.02969936224522439
10.929999999999811,-2.8211736591778216,4.683455330824086,45.95592650936975,-2.287075214416763,2.128668523017675,31.20405866970474,-2.0,4.0,45.5,0.02970857586769552
10.939999999999811,-2.8175721374588143,4.679455132459364,45.95664733466338,-2.2857578029869003,2.12742394739195,31.2041072241135,-2.0,4.0,45.5,0.029715902459629663
10.949999999999811,-2.8139550562519076,4.675439724510721,45.95737724884787,-2.2844271346193317,2.126166500490852,31.204163770982536,-2.0,4.0,45.5,0.02972239305979023
10.95999999999981,-2.81032368504957,4.671410605147411,45.958116123290566,-2.2830838684353587,2.124896666950052,31.204228272188608,-2.0,4.0,45.5,0.029726218221671687
10.96999999999981,-2.8066792803618177,4.66736927937299,45.9588638055472,-2.2817285668529443,2.123615002079257,31.204300695140518,-2.0,4.0,45.5,0.029728480060336668
10.97999999999981,-2.8030230952160067,4.6633172497625806,45.95962010540628,-2.2803618870328144,2.1223220084228593,31.204381010442205,-2.0,4.0,45.5,0.029728652615255098
10.98999999999981,-2.799356351111246,4.659256038775246,45.960384823013584,-2.278984187352517,2.1210183837627867,31.20446919082986,-2.0,4.0,45.5,0.0297279359584135
10.99999999999981,-2.795680266264485,4.655187162526625,45.961157706230416,-2.2775961170969374,2.119704650081695,31.204565209557206,-2.0,4.0,45.5,0.029724669800645222
11.00999999999981,-2.7919960569713074,4.6511121327325995,45.961938471692385,-2.276198327071569,2.1183813318627767,31.204669037473945,-2.0,4.0,45.5,0.02971956661070496
11.01999999999981,-2.7883049082379476,4.647032477786688,45.96272682777937,-2.27479115882948,2.117049144039031,31.20478064440432,-2.0,4.0,45.5,0.02971366776202462
11.02999999999981,-2.78460795138563,4.642949810472362,45.96352244589466,-2.273375211907748,2.115708766345288,31.204899993112697,-2.0,4.0,45.5,0.029691768293129917
11.039999999999809,-2.7809065115304126,4.638865368199697,45.96432492618189,-2.2719511543553774,2.114360404730199,31.20502704983634,-2.0,4.0,45.5,0.029706138879972695
11.049999999999809,-2.7772016496046215,4.634780858931522,45.9651339166192,-2.270519424675531,2.1130049975375904,31.205161763497966,-2.0,4.0,45.5,0.029685001971693176
11.059999999999809,-2.7734945234778503,4.6306977927803805,45.96594897626743,-2.269080673259772,2.1116430385348757,31.205304078781648,-2.0,4.0,45.5,0.029671028297908558
11.069999999999808,-2.7697862634568833,4.626617687875022,45.9667696725839,-2.2676352232435737,2.1102752496782387,31.205453933026746,-2.0,4.0,45.5,0.02965718188952633
11.079999999999808,-2.766077998890855,4.622542050192911,45.96759553039387,-2.266183706164593,2.108902195104017,31.205611252778283,-2.0,4.0,45.5,0.02964115708499762
11.089999999999808,-2.7623708492125787,4.618472381037826,45.96842605746483,-2.26472664780443,2.1075244935554895,31.205775954724295,-2.0,4.0,45.5,0.029623942055886855
11.099999999999808,-2.758665934266287,4.614410168952179,45.969260734239754,-2.2632646787308417,2.106142711860679,31.20594794425184,-2.0,4.0,45.5,0.029605128880782032
11.109999999999808,-2.7549643430597106,4.610356908708535,45.97009903840234,-2.2617981040956354,2.1047575798158586,31.20612711543715,-2.0,4.0,45.5,0.029585801124375817
11.119999999999807,-2.7512671649021265,4.606314078893467,45.970940411137484,-2.2603275481375427,2.103369668382457,31.206313349767754,-2.0,4.0,45.5,0.02956458288396531
11.129999999999807,-2.747575479584451,4.602283149550048,45.97178428155239,-2.2588535261087546,2.101979598392839,31.2065065164916,-2.0,4.0,45.5,0.02954238725893819
11.139999999999807,-2.743890357260106,4.598265580858534,45.972630063812964,-2.2573765509502444,2.1005879918942085,31.206706472336567,-2.0,4.0,45.5,0.02951913138257412
11.149999999999807,-2.7402128581843015,4.5942628217313874,45.97347715647965,-2.2558971315298635,2.0991954679265246,31.206913059244663,-2.0,4.0,45.5,0.02949479979031668
11.159999999999807,-2.736544043363998,4.59027630333723,45.97432494060047,-2.2544158832270895,2.0978025925819375,31.20712610625832,-2.0,4.0,45.5,0.029469254196543816
11.169999999999806,-2.732884942903874,4.586307456883063,45.97517280267288,-2.2529330940259875,2.096410082899494,31.207345429678575,-2.0,4.0,45.5,0.02944352711107006
11.179999999999806,-2.729236587292503,4.582357692535486,45.97602010335724,-2.2514493727281746,2.0950185025790233,31.20757083163297,-2.0,4.0,45.5,0.0294163250279871
11.189999999999806,-2.7255999972843448,4.578428406574713,45.97686620046354,-2.249965218261938,2.093628459414907,31.207802100984566,-2.0,4.0,45.5,0.02938851328607126
11.199999999999806,-2.7219761835398493,4.574520979974104,45.97771044584351,-2.2484811262636413,2.0922405584538457,31.208039013330072,-2.0,4.0,45.5,0.029359999895441934
11.209999999999805,-2.718366157046188,4.570636771689077,45.97855218137119,-2.2469976985907607,2.0908553496882547,31.2082813311645,-2.0,4.0,45.5,0.02933057375802448
11.219999999999805,-2.7147708970801916,4.566777136262628,45.97939076205693,-2.2455152069083475,2.0894735292083446,31.208528804488093,-2.0,4.0,45.5,0.029301272795193133
11.229999999999805,-2.7111913317407885,4.562943497393649,45.9802255382069,-2.244034199717266,2.0880957757812872,31.20878116848997,-2.0,4.0,45.5,0.029257133735145217
11.239999999999805,-2.707628580211531,4.559136881568006,45.98105581743769,-2.2425552935939947,2.086722279736021,31.20903815429702,-2.0,4.0,45.5,0.029250763625255777
11.249999999999805,-2.704083501112844,4.555358772617993,45.981880982690015,-2.2410788652761475,2.0853539458918267,31.209299472200126,-2.0,4.0,45.5,0.02920970646329326
11.259999999999804,-2.7005570482410475,4.551610438473851,45.982700359185,-2.2396055130760786,2.083991234974066,31.20956482369278,-2.0,4.0,45.5,0.029177122478779377
11.269999999999804,-2.6970501457180123,4.547893135690701,45.98351330761343,-2.2381354923686456,2.0826348071994114,31.209833901260566,-2.0,4.0,45.5,0.0291457975710525
11.279999999999804,-2.693563715752509,4.544208092788512,45.984319179270145,-2.236669379562919,2.081285172970915,31.210106386319502,-2.0,4.0,45.5,0.0291136021796361
11.289999999999804,-2.6900986685156405,4.540556516511182,45.98511733723547,-2.2352076389499587,2.0799428823346897,31.210381951668268,-2.0,4.0,45.5,0.029081385353044734
11.299999999999804,-2.686655901614775,4.536939590453511,45.985907152862005,-2.2337507301473707,2.078608478534818,31.210660261182635,-2.0,4.0,45.5,0.02904904792141698
11.309999999999803,-2.6832363102931494,4.533358468319482,45.98668800108128,-2.2322992172767044,2.077282444477378,31.210940970371134,-2.0,4.0,45.5,0.029016355784201926
11.319999999999803,-2.6798407552588177,4.529814292209805,45.987459284027416,-2.2308533334502343,2.0759654096094544,31.211223727968036,-2.0,4.0,45.5,0.02898436901091704
11.329999999999803,-2.676470093797609,4.526308171274447,45.98822039759408,-2.2294136314320987,2.0746578415001107,31.21150817495714,-2.0,4.0,45.5,0.02895171909507084
11.339999999999803,-2.673125169503857,4.522841189686743,45.988970756335355,-2.227980552738451,2.07336024829775,31.21179394764429,-2.0,4.0,45.5,0.028919337782887824
11.349999999999802,-2.669806822100576,4.519414398750875,45.989709781698345,-2.2265546417071,2.0720730750988867,31.21208067659225,-2.0,4.0,45.5,0.028886760046566533
11.359999999999802,-2.6665158551431074,4.516028836146327,45.990436926835116,-2.2251361101262823,2.070796918248996,31.212367987691486,-2.0,4.0,45.5,0.028855084695960338
11.369999999999802,-2.6632530672384815,4.512685503999104,45.99115164184821,-2.2237254898776544,2.0695322062238137,31.212655503561155,-2.0,4.0,45.5,0.028822897458220375
11.379999999999802,-2.6600192415219888,4.509385376785902,45.99185339759902,-2.2223231991598236,2.068279407180571,31.212942843482228,-2.0,4.0,45.5,0.028791093690638776
11.389999999999802,-2.6568151555564983,4.506129393575626,45.99254167500093,-2.2209297585420096,2.0670389233672015,31.213229624424706,-2.0,4.0,45.5,0.028759241580048934
11.399999999999801,-2.6536415490962275,4.5029184782136555,45.993215990365826,-2.21954535585683,2.065811314779351,31.21351546231204,-2.0,4.0,45.5,0.028728463575400914
11.409999999999801,-2.6504991551544523,4.4997535164418965,45.99387585819882,-2.218170497264172,2.064596965394323,31.213799971869634,-2.0,4.0,45.5,0.028697258881349885
11.419999999999801,-2.6473886895296315,4.496635364335154,45.994520816179524,-2.2168055746113566,2.0633963002745404,31.214082768092418,-2.0,4.0,45.5,0.02866656176713562
11.4299999999998,-2.6443108605431145,4.493564840071753,45.99515041295577,-2.2154510798372056,2.0622096740621063,31.214363465632072,-2.0,4.0,45.5,0.028635888764397825
11.4399999999998,-2.6412663371963214,4.490542745713974,45.99576423635434,-2.214107174514602,2.061037608291592,31.214641681835833,-2.0,4.0,45.5,0.02860646267214379
11.4499999999998,-2.638255779871561,4.487569842913019,45.99636187197728,-2.2127743347766358,2.0598804388587197,31.214917035323527,-2.0,4.0,45.5,0.028576638730939203
11.4599999999998,-2.635279840521135,4.484646854731687,45.99694292303116,-2.211453031061559,2.058738481900777,31.215189147649557,-2.0,4.0,45.5,0.02854708373307793
11.4699999999998,-2.6323391303606254,4.481774487501624,45.997507032946494,-2.21014339963618,2.0576122286810996,31.215457643116004,-2.0,4.0,45.5,0.02851885070537988
11.4799999999998,-2.629434250716127,4.478953405680152,45.99805384256149,-2.20884589260044,2.0565019761472207,31.215722150072196,-2.0,4.0,45.5,0.028490234068180204
11.4899999999998,-2.6265657932333912,4.476184233811319,45.99858301051686,-2.20756095537693,2.055408000674623,31.215982301241258,-2.0,4.0,45.5,0.028461919102719318
11.4999999999998,-2.62373430757922,4.473467579634516,45.9990942370763,-2.2062886980762784,2.0543307630392706,31.21623773433372,-2.0,4.0,45.5,0.028435006734822722
11.509999999999799,-2.620940282967531,4.470804105280101,45.999587231353125,-2.2050294993493758,2.0532706567085395,31.21648809119522,-2.0,4.0,45.5,0.028393846778301163
11.519999999999799,-2.6181843828151727,4.468194047767181,46.00006168152739,-2.203783805553698,2.0522275917475974,31.21673302589317,-2.0,4.0,45.5,0.028391860720198978
11.529999999999799,-2.6154670167757272,4.465638094555035,46.000517357770406,-2.202551915796285,2.0512021163371053,31.216972191182485,-2.0,4.0,45.5,0.028355335410685266
11.539999999999798,-2.612788644108827,4.463136721291185,46.00095401873986,-2.20133392086828,2.0501945883818835,31.217205248223273,-2.0,4.0,45.5,0.0283293997571168
11.549999999999798,-2.6101497147571466,4.460690355082721,46.00137143153957,-2.2001302076878595,2.0492052036891746,31.21743186654523,-2.0,4.0,45.5,0.028303891652879092
11.559999999999798,-2.607550665715524,4.4582993821955395,46.00176938136595,-2.198941152879854,2.0482341422168844,31.21765172333292,-2.0,4.0,45.5,0.028278692621767042
11.569999999999798,-2.60499188995906,4.455964172873926,46.002147696678264,-2.1977668030545665,2.0472817887817296,31.21786450328487,-2.0,4.0,45.5,0.02825501314231773
11.579999999999798,-2.6024737665715687,4.453685052109394,46.00250619741809,-2.1966075119307185,2.0463483030480845,31.21806989972926,-2.0,4.0,45.5,0.02823082829331858
11.589999999999797,-2.599996661158902,4.451462302388032,46.00284471927913,-2.195463624000215,2.0454338218053514,31.218267614522752,-2.0,4.0,45.5,0.028206943322829976
11.599999999999797,-2.5975608946679793,4.449296190963708,46.00316314174785,-2.194335155057665,2.044538697497872,31.21845735769268,-2.0,4.0,45.5,0.028184627400758475
11.609999999999797,-2.5951667732514836,4.447186939292788,46.00346133323675,-2.193222425589056,2.0436630466386845,31.21863884854985,-2.0,4.0,45.5,0.02816173706288798
11.619999999999797,-2.592814588760709,4.44513472607084,46.00373917681692,-2.1921257462525396,2.042806962466679,31.218811816353593,-2.0,4.0,45.5,0.02813912221606647
11.629999999999797,-2.5905045879070356,4.443139715939146,46.00399659972939,-2.1910451010378473,2.041970764942274,31.218975998117298,-2.0,4.0,45.5,0.02811811124963874
11.639999999999796,-2.5882370018577765,4.441202027451429,46.00423351544405,-2.1899807756443437,2.041154527262528,31.219131141584647,-2.0,4.0,45.5,0.02809644874759245
11.649999999999796,-2.586012036777223,4.4393217462603385,46.00444986065902,-2.1889329411879324,2.040358382933617,31.21927700323662,-2.0,4.0,45.5,0.02807546829245537
11.659999999999796,-2.5838298832347517,4.437498914294825,46.00464557668124,-2.187901858845862,2.039582369926441,31.219413350073346,-2.0,4.0,45.5,0.028054456942095067
11.669999999999796,-2.5816906865988622,4.435733561188144,46.00482064855236,-2.1868874721464273,2.0388267628179015,31.219539957250554,-2.0,4.0,45.5,0.028035047936095382
11.679999999999795,-2.579594575821493,4.434025670631253,46.00497504420556,-2.185890016931886,2.038091578192592,31.2196566109091,-2.0,4.0,45.5,0.028014891470149364
11.689999999999795,-2.5775416641326396,4.432375184051981,46.00510874332273,-2.1849097183582167,2.0373768085034105,31.219763107025084,-2.0,4.0,45.5,0.027994930124591467
11.699999999999795,-2.575532019672678,4.430782032349412,46.00522177014554,-2.183946486473051,2.0366826964881466,31.219859249832087,-2.0,4.0,45.5,0.02797662240703305
11.709999999999795,-2.5735656938272373,4.429246100778635,46.00531412898912,-2.183000520007571,2.0360092157058887,31.219944854721586,-2.0,4.0,45.5,0.027957476903458487
11.719999999999795,-2.5716427214734283,4.427767234088514,46.005385834845086,-2.182072006223571,2.035356317061503,31.22001974710839,-2.0,4.0,45.5,0.027938322686582733
11.729999999999794,-2.569763093928973,4.426345265878831,46.00543694742058,-2.181160822113565,2.0347242103462135,31.220083760084645,-2.0,4.0,45.5,0.027921018257542347
11.739999999999794,-2.5679267858579116,4.424979984170429,46.00546750384712,-2.180267129443841,2.034112825059257,31.220136738477596,-2.0,4.0,45.5,0.027902908285293744
11.749999999999794,-2.566133745632245,4.4236711493120024,46.00547756214042,-2.1793909795966044,2.033522164567687,31.22017853523355,-2.0,4.0,45.5,0.02788533410978901
11.759999999999794,-2.564383905763222,4.422418478713492,46.005467179155616,-2.178532508513239,2.032952123573727,31.220209013839586,-2.0,4.0,45.5,0.027867748584851564
11.769999999999794,-2.562677152353964,4.421221689587443,46.00543645690927,-2.1776915488988884,2.032402876019947,31.220228044632353,-2.0,4.0,45.5,0.027851367402165438
11.779999999999793,-2.561013356569645,4.420080450954313,46.00538547091284,-2.1768682103286783,2.0318742980106337,31.220235509047562,-2.0,4.0,45.5,0.027834165126001485
11.789999999999793,-2.5593923738305726,4.418994392398714,46.005314305015325,-2.176062591239198,2.0313662425033865,31.22023129744676,-2.0,4.0,45.5,0.027817045394500577
11.799999999999793,-2.557814016539271,4.417963140443631,46.005223088970894,-2.1752744928571097,2.03087884953991,31.22021530733669,-2.0,4.0,45.5,0.027801652872253092
11.809999999999793,-2.5562780805745904,4.416986278672956,46.00511192416936,-2.1745039869878084,2.030411956600041,31.220187447003724,-2.0,4.0,45.5,0.02778514085475601
11.819999999999792,-2.5547843362696008,4.41606336757698,46.00498093187455,-2.1737510397632143,2.0299654846621817,31.220147632285812,-2.0,4.0,45.5,0.0277688288929655
11.829999999999792,-2.5533325419341475,4.415193920770542,46.004830228594095,-2.173015700210023,2.029539231487883,31.22009578850693,-2.0,4.0,45.5,0.027752806655614436
11.839999999999792,-2.5519224125876345,4.414377456440862,46.00465997749952,-2.172297729001759,2.0291332986458883,31.220031846594964,-2.0,4.0,45.5,0.027738348110135334
11.849999999999792,-2.550553646877685,4.413613452525587,46.0044703102596,-2.171597147093973,2.0287474739504923,31.219955748018567,-2.0,4.0,45.5,0.027722612456502788
11.859999999999792,-2.549225920254666,4.412901364031441,46.00426137794499,-2.1709138758077304,2.028381630148336,31.219867441357145,-2.0,4.0,45.5,0.027707423175852036
11.869999999999791,-2.547938894805082,4.412240606282188,46.00403332596823,-2.1702479143938866,2.0280355202586318,31.219766883931307,-2.0,4.0,45.5,0.027692244497977078
11.879999999999791,-2.546692187545677,4.411630610963498,46.00378634725557,-2.1695989801866276,2.0277092215420485,31.219654037653356,-2.0,4.0,45.5,0.027677585413355747
11.889999999999791,-2.545485408518391,4.411070752873529,46.00352059900021,-2.168967049904431,2.0274024631612235,31.21952887445813,-2.0,4.0,45.5,0.02766283756740255
11.89999999999979,-2.544318142830825,4.410560394025025,46.003236259250095,-2.168351999652597,2.0271150768791535,31.21939137239059,-2.0,4.0,45.5,0.027648299352709498
11.90999999999979,-2.5431899615521365,4.4100988629948805,46.00293349909649,-2.1677537795743613,2.026846775058132,31.219241518301697,-2.0,4.0,45.5,0.027633197226765705
11.91999999999979,-2.5421003976368417,4.409685498378683,46.00261253731542,-2.1671720732920896,2.0265975937346212,31.21907930293501,-2.0,4.0,45.5,0.02761944162684223
11.92999999999979,-2.541049025062714,4.409319480740359,46.002273543627545,-2.166606862055538,2.0263670743682325,31.218904727961082,-2.0,4.0,45.5,0.027619907842444027
11.93999999999979,-2.5400352009513885,4.409000416589969,46.00191675194477,-2.1660578370927475,2.0261554271210453,31.21871779314241,-2.0,4.0,45.5,0.027580563275976223
11.94999999999979,-2.539058503968934,4.408727347408163,46.001542320231934,-2.1655250131423074,2.0259619950698813,31.218518514536676,-2.0,4.0,45.5,0.027575350706654834
11.95999999999979,-2.5381183957888127,4.408499521476967,46.00115050625218,-2.1650080297277476,2.025786827099825,31.218306909939002,-2.0,4.0,45.5,0.027563925678966573
11.96999999999979,-2.537214316360026,4.408316172199859,46.00074151772479,-2.1645067669644504,2.0256295996535894,31.21808300460531,-2.0,4.0,45.5,0.02754897390406136
11.979999999999789,-2.536345696973492,4.408176497579668,46.0003155773014,-2.1640210277075127,2.0254900517456615,31.217846829638546,-2.0,4.0,45.5,0.027536203522305847
11.989999999999789,-2.5355119409035565,4.408079704339523,45.999872916900166,-2.1635505935022934,2.025367951284842,31.21759842140266,-2.0,4.0,45.5,0.027521740850805488
11.999999999999789,-2.5347124951835545,4.408024849450617,45.99941374525282,-2.1630953712617504,2.025262775978103,31.21733782501267,-2.0,4.0,45.5,0.027521506982437376
12.009999999999788,-2.5339465916984945,4.408011428051447,45.9989383630393,-2.1626548395584884,2.0251748931147304,31.217065080770578,-2.0,4.0,45.5,0.02748475526478753
12.019999999999788,-2.533213676051825,4.408038386419018,45.998446967342794,-2.162228940553383,2.025103602898744,31.21678024608095,-2.0,4.0,45.5,0.027479707610644444
12.029999999999788,-2.5325131479213923,4.408104741619022,45.99793981169181,-2.1618174677340782,2.0250485234973024,31.21648338316043,-2.0,4.0,45.5,0.027481699342724864
12.039999999999788,-2.5318441937271947,4.408209953651587,45.99741718588799,-2.1614200207580687,2.0250098001093644,31.21617455010246,-2.0,4.0,45.5,0.027441984730823574
12.049999999999788,-2.5312062818736667,4.408352784782246,45.996879288164926,-2.1610365775215676,2.0249865253517165,31.215853823112667,-2.0,4.0,45.5,0.027452287595793934
12.059999999999787,-2.530598617728028,4.40853257473631,45.996326452890536,-2.16066661213603,2.024978979716224,31.21552127174825,-2.0,4.0,45.5,0.02742832931202074
12.069999999999787,-2.530020542908615,4.408748296558453,45.99575890942881,-2.1603099907123138,2.0249865326843377,31.215176977831923,-2.0,4.0,45.5,0.027426382619313208
12.079999999999787,-2.5294712515276725,4.408999236746084,45.99517695345301,-2.1599663453750395,2.025009131156947,31.214821022507362,-2.0,4.0,45.5,0.027399669710072877
12.089999999999787,-2.528950018069724,4.409284455255943,45.99458085342161,-2.1596354079673894,2.025046395828534,31.214453494761635,-2.0,4.0,45.5,0.02738093599745644
12.099999999999786,-2.5284562161545043,4.409602754906722,45.99397086232083,-2.159317059014906,2.0250975847238575,31.214074495376526,-2.0,4.0,45.5,0.02738842816186546
12.109999999999786,-2.527989016683056,4.409953388916405,45.99334732765605,-2.159010777323978,2.0251628720532118,31.21368411877099,-2.0,4.0,45.5,0.027371516804322846
12.119999999999786,-2.527547622841435,4.4103354945151505,45.99271051944009,-2.1587163103354605,2.0252418508439014,31.213282466661973,-2.0,4.0,45.5,0.027352641605813324
12.129999999999786,-2.5271312635115515,4.410748127971759,45.99206072978239,-2.1584333560704643,2.0253341636777336,31.212869647419705,-2.0,4.0,45.5,0.027337273143584438
12.139999999999786,-2.52673920856234,4.411190228879526,45.99139823848102,-2.158161709718449,2.025439229345359,31.21244577661078,-2.0,4.0,45.5,0.027331905549149393
12.149999999999785,-2.526370607558365,4.411661004777456,45.990723402740315,-2.157900852909524,2.0255571550768727,31.212010966630224,-2.0,4.0,45.5,0.027308577138867713
12.159999999999785,-2.526023937428545,4.412158061866715,45.99003647218573,-2.157650439395077,2.025685806679002,31.211565403592953,-2.0,4.0,45.5,0.02421562864727173
12.169999999999785,-2.5256253867099043,4.412713889148541,45.98933036194823,-2.1573803318271167,2.0258192535691464,31.211109164469036,-2.0,4.0,45.5,0.031134864099674187
12.179999999999785,-2.5252492925090912,4.413297911121668,45.988618995765194,-2.1571137365175126,2.0259901854061955,31.210642646757925,-2.0,4.0,45.5,0.027354588242345056
12.189999999999785,-2.524898562214047,4.413894023087748,45.98789742468935,-2.1568598969890864,2.0261637883469827,31.210166090499904,-2.0,4.0,45.5,0.027674212651516743
12.199999999999784,-2.5245687667290477,4.414512521369944,45.98716552538428,-2.156615737440834,2.0263484490972647,31.20967929067877,-2.0,4.0,45.5,0.027545288380559255
12.209999999999784,-2.524259068981098,4.415152587497281,45.986423429196634,-2.156381172955428,2.0265430439197694,31.209182377473248,-2.0,4.0,45.5,0.02752283043651254
12.219999999999784,-2.5239686452976198,4.415813354709218,45.98567147229312,-2.156155865398894,2.026747229959522,31.20867549886532,-2.0,4.0,45.5,0.027503303445588604
12.229999999999784,-2.5236966990985557,4.416493769342294,45.98491000725573,-2.1559394969221475,2.026960541765911,31.208158814495675,-2.0,4.0,45.5,0.027491429696587084
12.239999999999783,-2.5234424383726557,4.417192752991847,45.984139378385095,-2.155731804794506,2.0271823957226527,31.20763249097333,-2.0,4.0,45.5,0.02748367107966312
12.249999999999783,-2.5232050246057147,4.417909463971782,45.98335998388815,-2.155532293518828,2.0274127989750568,31.207096688633346,-2.0,4.0,45.5,0.02746702052006449
12.259999999999783,-2.5229836650100754,4.418642780157169,45.98257215869842,-2.1553407190718517,2.0276510723315795,31.206551584096225,-2.0,4.0,45.5,0.027464476901255686
12.269999999999783,-2.5227775094733045,4.419391934155587,45.981776267639496,-2.1551566897146515,2.0278970387622324,31.205997346368196,-2.0,4.0,45.5,0.027445993550692604
12.279999999999783,-2.5225857381874044,4.420155973022133,45.98097266228129,-2.1549798670503755,2.028150287871213,31.20543415346167,-2.0,4.0,45.5,0.027432975776423025
12.289999999999782,-2.5224075312820817,4.420933956996727,45.980161702312,-2.1548099022207725,2.0284104465646458,31.204862187402796,-2.0,4.0,45.5,0.027420453030225854
12.299999999999782,-2.5222420728004415,4.421724954479697,45.979343730847646,-2.1546465015548826,2.028677025289093,31.204281634789716,-2.0,4.0,45.5,0.027406690055868814
12.309999999999782,-2.5220885380245464,4.422528080700463,45.97851914064055,-2.154489196086395,2.0289499314746777,31.2036926808881,-2.0,4.0,45.5,0.027394638038843542
12.319999999999782,-2.5219461090692414,4.423342441103069,45.97768827254603,-2.1543376901249727,2.0292286888751794,31.203095518252592,-2.0,4.0,45.5,0.027380545660422903
12.329999999999782,-2.521813971957296,4.424167155089387,45.97685148257224,-2.154191632933553,2.0295129461800574,31.202490341026618,-2.0,4.0,45.5,0.027366756745819457
12.339999999999781,-2.521691279868579,4.425001573890588,45.97600913595111,-2.154050617078944,2.029802604276352,31.20187733980375,-2.0,4.0,45.5,0.02733127048538042
12.349999999999781,-2.521577343553083,4.425844163520589,45.97516155528498,-2.1539145055690163,2.030096500000893,31.20125673549241,-2.0,4.0,45.5,0.02735077798056491
12.359999999999781,-2.5214712881174717,4.426694537923863,45.97430915552385,-2.153782717888656,2.0303950812407368,31.20062871520502,-2.0,4.0,45.5,0.02732598288397885
12.36999999999978,-2.5213723179797145,4.427551873603141,45.97345225175075,-2.1536549813898525,2.0306978233063337,31.199993483374755,-2.0,4.0,45.5,0.027309856310421616
12.37999999999978,-2.521279648372953,4.428415351284485,45.97259119151437,-2.1535309557425184,2.0310043863725173,31.1993512462003,-2.0,4.0,45.5,0.027295153140099098
12.38999999999978,-2.521192507324565,4.429284151493214,45.971726305854816,-2.1534103560657094,2.0313143098559565,31.19870221424693,-2.0,4.0,45.5,0.027279583276164195
12.39999999999978,-2.521110122135762,4.430157504302731,45.970857976149816,-2.1532927341785815,2.0316275444728618,31.198046594550924,-2.0,4.0,45.5,0.027265914918182754
12.40999999999978,-2.521031733421427,4.431034632949927,45.96998652844751,-2.153177809158091,2.0319436478333484,31.197384600654903,-2.0,4.0,45.5,0.027250179922576022
12.41999999999978,-2.520956572256282,4.4319148959395465,45.96911230774431,-2.1530652208356287,2.032262439218208,31.196716442832468,-2.0,4.0,45.5,0.027223260024815805
12.42999999999978,-2.520883960500249,4.432797194958311,45.96823564373641,-2.1529547261526325,2.0325832460859785,31.196042346928447,-2.0,4.0,45.5,0.02722614743652253
12.43999999999978,-2.5208131376987373,4.433681019275771,45.96735686873286,-2.1528459923151355,2.0329059103483966,31.195362524535085,-2.0,4.0,45.5,0.027203434408365916
12.449999999999779,-2.5207433835140165,4.434565679624965,45.96647633989096,-2.1527386045242984,2.033230374732925,31.19467718950102,-2.0,4.0,45.5,0.027188376887644014
12.459999999999779,-2.520673995597599,4.435450474092439,45.96559436720188,-2.152632302852616,2.0335562172026544,31.19398656152011,-2.0,4.0,45.5,0.027171855364503037
12.469999999999779,-2.520604285083172,4.436334720640504,45.96471127458732,-2.152526780539258,2.0338831519332565,31.193290859925053,-2.0,4.0,45.5,0.027155699442257004
12.479999999999778,-2.5205335815980234,4.437217736542986,45.96382736559294,-2.1524217887195007,2.0342107623128687,31.192590306813496,-2.0,4.0,45.5,0.02713868847488749
12.489999999999778,-2.5204612200894148,4.438098890973775,45.96294299349723,-2.152316925337736,2.0345390517094106,31.191885119317345,-2.0,4.0,45.5,0.027123660760843552
12.499999999999778,-2.5203865538314973,4.438977547417847,45.96205845317867,-2.15221195069477,2.0348676235417744,31.191175519922144,-2.0,4.0,45.5,0.027106554478294454
12.509999999999778,-2.5203089517994695,4.43985308840537,45.96117405198386,-2.152106581257538,2.0351962145935634,31.19046172978982,-2.0,4.0,45.5,0.02708983479186138
12.519999999999778,-2.520227803361374,4.440724895784439,45.960290075894264,-2.152000591641663,2.0355244295375345,31.189743971842244,-2.0,4.0,45.5,0.027072269708705497
12.529999999999777,-2.5201425052212096,4.441592403958608,45.95940686050821,-2.1518936063469987,2.035852297622867,31.189022464364495,-2.0,4.0,45.5,0.02705672541539992
12.539999999999777,-2.5200524740771866,4.442455041571026,45.95852468158662,-2.1517854109207417,2.036179444069506,31.188297429684656,-2.0,4.0,45.5,0.027039092403925876
12.549999999999777,-2.519957143998445,4.443312256440899,45.95764382681185,-2.151675748660668,2.036505628927179,31.18756908872494,-2.0,4.0,45.5,0.027021865860338952
12.559999999999777,-2.519855970946532,4.44416349558707,45.95676456159956,-2.1515644211035223,2.0368304791374303,31.18683766352735,-2.0,4.0,45.5,0.027003801207705253
12.569999999999776,-2.519748419834984,4.445008258855347,45.955887200746965,-2.1514510824957753,2.0371540495728944,31.186103370325732,-2.0,4.0,45.5,0.02698778841303531
12.579999999999776,-2.519633976862957,4.445846040026636,45.955011998004494,-2.151335546740288,2.0374759879461077,31.185366429639156,-2.0,4.0,45.5,0.02696968307561656
12.589999999999776,-2.5195121856361724,4.446676130764628,45.954139208897594,-2.151217644374107,2.037795829918144,31.18462706543671,-2.0,4.0,45.5,0.02697373069643291
12.599999999999776,-2.519382458876884,4.4474987079024055,45.953269091601435,-2.151097048162711,2.0381139207675076,31.183885475910785,-2.0,4.0,45.5,0.02692041067154256
12.609999999999776,-2.519244409114821,4.448312894985612,45.95240190976522,-2.1509735667327488,2.0384298151045925,31.18314188563919,-2.0,4.0,45.5,0.026915844539987282
12.619999999999775,-2.5190975988842337,4.449118242991996,45.95153791272285,-2.150847025009494,2.038743254280087,31.18239651161508,-2.0,4.0,45.5,0.026897945504752885
12.629999999999775,-2.518941608060128,4.449914327936075,45.950677342428996,-2.1507172258671328,2.0390540524507585,31.181649566376098,-2.0,4.0,45.5,0.02687932651359867
12.639999999999775,-2.5187760405279125,4.450700721849785,45.94982041606305,-2.150584031696223,2.0393618828830764,31.180901262712666,-2.0,4.0,45.5,0.026859478666759935
12.649999999999775,-2.5186005307100494,4.451476938281018,45.948967395546404,-2.1504471907676006,2.0396667290539034,31.18015180960082,-2.0,4.0,45.5,0.02685179596255224
12.659999999999775,-2.518414681119335,4.452242797160772,45.94811848854696,-2.150306531880055,2.0399684951012085,31.179401409422496,-2.0,4.0,45.5,0.026824787531880483
12.669999999999774,-2.518218150814416,4.452997921479597,45.94727390111167,-2.150161903324431,2.0402669706172247,31.178650266990758,-2.0,4.0,45.5,0.026802973036713244
12.679999999999774,-2.5180106435186826,4.453741818032569,45.94643382188412,-2.150013228210049,2.0405617275583126,31.177898590855097,-2.0,4.0,45.5,0.026789376524498466
12.689999999999774,-2.51779184014032,4.454474243000731,45.94559849479461,-2.1498602405992315,2.0408529844974126,31.177146575888656,-2.0,4.0,45.5,0.026769131486586776
12.699999999999774,-2.517561462140819,4.455194840153739,45.944768090955314,-2.149702861092372,2.0411404119901384,31.176394422200065,-2.0,4.0,45.5,0.026750788447072
12.709999999999773,-2.5173192523914385,4.455903265282134,45.94394279432226,-2.1495409709031854,2.0414238222868253,31.175642325903947,-2.0,4.0,45.5,0.026735896046535274
12.719999999999773,-2.5170649638701166,4.456599250418512,45.943122764150125,-2.1493744913957116,2.041702967378788,31.174890479692806,-2.0,4.0,45.5,0.026717710833733446
12.729999999999773,-2.516798347889493,4.457282651418819,45.94230820760247,-2.149203190914978,2.0419780994186354,31.17413906560452,-2.0,4.0,45.5,0.026694140838582753
12.739999999999773,-2.516519196070828,4.457953212167818,45.94149926780472,-2.1490270122782746,2.0422489582870735,31.17338827068783,-2.0,4.0,45.5,0.026668147351064597
12.749999999999773,-2.5162351650908885,4.458603356669001,45.940696562699344,-2.1488499603007583,2.042511011290898,31.172638399152664,-2.0,4.0,45.5,0.02318747683924028
12.759999999999772,-2.515965431574056,4.45920263594668,45.93990392977978,-2.1486808537273347,2.0427513745579713,31.171890503000775,-2.0,4.0,45.5,0.026497188056370823
12.769999999999772,-2.5156822799863576,4.459786342415032,45.939117444917564,-2.1485066281129375,2.0429853811432204,31.171143852219,-2.0,4.0,45.5,0.02657492971505779
12.779999999999772,-2.51538369442279,4.460359372437291,45.93833706862896,-2.1483258473432625,2.0432170029303265,31.170398466132593,-2.0,4.0,45.5,0.02641744095319607
12.789999999999772,-2.5150696319150923,4.460921472896276,45.93756267284075,-2.1481387857223524,2.04344505427258,31.169654501759936,-2.0,4.0,45.5,0.026397616114256242
12.799999999999772,-2.514740024006008,4.461472579117426,45.93679440917519,-2.147945300876291,2.0436697986415346,31.16891211663385,-2.0,4.0,45.5,0.026375771073819422
12.809999999999771,-2.514394914363972,4.462012394085809,45.93603235357886,-2.1477454825754414,2.0438908372363045,31.168171474976013,-2.0,4.0,45.5,0.02636879296027531
12.819999999999771,-2.5140342452751088,4.462540928530844,45.93527661479398,-2.14753928967032,2.044108207882877,31.167432731339876,-2.0,4.0,45.5,0.026333310717107223
12.829999999999771,-2.513658186335206,4.46305770150041,45.9345272928187,-2.147326777688768,2.0443216672198243,31.166696042080588,-2.0,4.0,45.5,0.026342150157960004
12.83999999999977,-2.513266746406425,4.463562679351785,45.93378448714159,-2.1471079384538427,2.0445312232934008,31.16596155594699,-2.0,4.0,45.5,0.026322942448353814
12.84999999999977,-2.5128599621044785,4.464055800433396,45.933048259229814,-2.1468828120139167,2.044736739420495,31.165229417087357,-2.0,4.0,45.5,0.026295674429131822
12.85999999999977,-2.5124380153265884,4.464536714909111,45.93231869823142,-2.146651432753629,2.044938125998789,31.164499767538718,-2.0,4.0,45.5,0.026298855927187628
12.86999999999977,-2.512000952707166,4.4650054481225165,45.931595877664996,-2.1464138078575776,2.0451354189597737,31.163772742567765,-2.0,4.0,45.5,0.026273170135484393
12.87999999999977,-2.5115489276344203,4.465461798788638,45.93087982342386,-2.1461700657514484,2.0453282886978226,31.163048476481418,-2.0,4.0,45.5,0.026257824209079073
12.88999999999977,-2.5110821468026456,4.465905504903487,45.93017061666255,-2.145920228792619,2.0455167687147955,31.162327097457716,-2.0,4.0,45.5,0.026260669035045356
12.89999999999977,-2.51060064361152,4.466336763555091,45.92946831664106,-2.145664269285607,2.04570107011992,31.16160872384582,-2.0,4.0,45.5,0.026219805373743462
12.90999999999977,-2.510104743223799,4.466755089131375,45.92877291228376,-2.1454024272597074,2.0458805896914782,31.160893481558173,-2.0,4.0,45.5,0.02623169535710637
12.919999999999769,-2.5095945580276915,4.4671605707477715,45.928084453626596,-2.1451347201993483,2.0460554523786616,31.16018148290899,-2.0,4.0,45.5,0.026206335292320533
12.929999999999769,-2.5090702508252236,4.467553220185721,45.92740299845558,-2.144861113927803,2.0462259457521785,31.159472830962073,-2.0,4.0,45.5,0.026179032413181383
12.939999999999769,-2.5085321858090626,4.467932568681552,45.92672849561925,-2.144581934905446,2.046391271987748,31.15876764190478,-2.0,4.0,45.5,0.02618996490646713
12.949999999999768,-2.507980506647423,4.468298764124807,45.926061031574505,-2.144297079050805,2.0465519994484307,31.158066008363374,-2.0,4.0,45.5,0.026167568705076083
12.959999999999768,-2.5074154580504393,4.468651712842792,45.925400574802325,-2.144006711962287,2.0467078543702226,31.157368026498176,-2.0,4.0,45.5,0.02615278061705916
12.969999999999768,-2.506837303107362,4.4689913093064035,45.92474710269343,-2.1437109924240865,2.0468586087720166,31.15667378869133,-2.0,4.0,45.5,0.02613865149144474
12.979999999999768,-2.506246260840967,4.46931760897513,45.92410065939092,-2.143409891691153,2.0470046445909293,31.15598337504173,-2.0,4.0,45.5,0.026111889124861044
12.989999999999768,-2.5056427504842063,4.469630184688016,45.92346118052367,-2.143103717539617,2.0471453126699224,31.155296875920772,-2.0,4.0,45.5,0.026125139299845734
12.999999999999767,-2.5050269733577055,4.469929185116322,45.92282866508504,-2.1427925266292718,2.047280759961101,31.154614365088246,-2.0,4.0,45.5,0.026100786916580198
13.009999999999767,-2.5043992183582415,4.470214578986864,45.92220311132598,-2.142476368431933,2.0474111674389572,31.153935908964673,-2.0,4.0,45.5,0.02608796293036322
13.019999999999767,-2.5037597947208172,4.470486297717646,45.921584467486795,-2.1421554227410446,2.0475363191100246,31.153261575750076,-2.0,4.0,45.5,0.02607517020018183
13.029999999999767,-2.503109019934633,4.470744273948228,45.920972679627596,-2.1418298698699516,2.047656010587618,31.152591429264554,-2.0,4.0,45.5,0.026061776819416346
13.039999999999766,-2.502447211406717,4.470988484791643,45.920367747744685,-2.1414997563609677,2.0477704863841044,31.151925522710464,-2.0,4.0,45.5,0.026050693703489784
13.049999999999766,-2.5017747021034076,4.471218865936143,45.91976958843194,-2.141165314119423,2.0478793983520274,31.151263911958317,-2.0,4.0,45.5,0.02603726885709639
13.059999999999766,-2.5010918221634832,4.47143540612123,45.919178192554426,-2.140826595671257,2.0479829977887047,31.150606640975514,-2.0,4.0,45.5,0.026026524822853656
13.069999999999766,-2.50039891106435,4.4716380733207,45.91859348710438,-2.1404837911414987,2.048081095073556,31.149953754406773,-2.0,4.0,45.5,0.02601391080600856
13.079999999999766,-2.4996963168165056,4.471826828011963,45.918015395182834,-2.140137094478842,2.0481734942892946,31.14930529236953,-2.0,4.0,45.5,0.026000813057987134
13.089999999999765,-2.498984388629717,4.472001666010577,45.91744389559708,-2.13978656951722,2.0482604451655053,31.14866128534964,-2.0,4.0,45.5,0.025990890817125176
13.099999999999765,-2.498263484545163,4.472162551023746,45.91687888515897,-2.1394324574474304,2.0483416123923344,31.148021766693926,-2.0,4.0,45.5,0.025977951999174444
13.109999999999765,-2.4975339132464027,4.472309608309579,45.91632034787641,-2.1390747747552155,2.048417409010481,31.14738675512991,-2.0,4.0,45.5,0.02595306385999009
13.119999999999765,-2.4967961763418582,4.472442468435822,45.915768141549755,-2.138713908994024,2.0484870608403334,31.146756283131346,-2.0,4.0,45.5,0.025966905890520326
13.129999999999765,-2.4960505458603786,4.472561382029899,45.91522226998837,-2.1383498170640998,2.0485511931257534,31.146130359034977,-2.0,4.0,45.5,0.025946850082246748
13.139999999999764,-2.4952973827695453,4.472666359767194,45.914682619339,-2.1379827152938624,2.0486095721565243,31.14550899592762,-2.0,4.0,45.5,0.02593387129585538
13.149999999999764,-2.494537062137347,4.472757385062302,45.91414908753711,-2.137612813673588,2.0486619947757685,31.144892204780472,-2.0,4.0,45.5,0.025922524188940088
13.159999999999764,-2.493769951202805,4.472834492527771,45.91362163423769,-2.137240184546027,2.048708739601834,31.1442799861926,-2.0,4.0,45.5,0.025913507008514306
13.169999999999764,-2.492996424624342,4.472897678302188,45.913100135589836,-2.136865075768121,2.0487494791888015,31.1436723445945,-2.0,4.0,45.5,0.02590164644527435
13.179999999999763,-2.492216851123072,4.472946986699663,45.91258454610126,-2.1364875620413457,2.0487844948239067,31.14306927323792,-2.0,4.0,45.5,0.025892908878122362
13.189999999999763,-2.4914316063711213,4.472982422351795,45.912074737477646,-2.1361078919047105,2.0488134593507046,31.142470769289957,-2.0,4.0,45.5,0.025881391240685933
13.199999999999763,-2.490641059323917,4.473004038562437,45.91157066108864,-2.1357261404053816,2.048836661219847,31.1418768185679,-2.0,4.0,45.5,0.02587303027897968
13.209999999999763,-2.4898455812162688,4.473011867757967,45.91107220540432,-2.135342511522648,2.048853934923571,31.141287409446043,-2.0,4.0,45.5,0.025862713479555256
13.219999999999763,-2.48904554671047,4.473005930710419,45.91057925725407,-2.1349572110194046,2.04886510451675,31.140702527296078,-2.0,4.0,45.5,0.025852354041170138
13.229999999999762,-2.4882413222994177,4.472986293965046,45.91009176473716,-2.1345703144718016,2.0488704666395297,31.140122148176737,-2.0,4.0,45.5,0.02584450781843245
13.239999999999762,-2.4874332796347085,4.472952983271623,45.90960959291474,-2.1341820663412427,2.048869704621995,31.13954625316014,-2.0,4.0,45.5,0.02583389478963831
13.249999999999762,-2.4866217826398755,4.472906071795727,45.90913268731755,-2.1337925430896227,2.0488631161847657,31.13897481226895,-2.0,4.0,45.5,0.025826580326611198
13.259999999999762,-2.485807198719013,4.472845594150398,45.908660911134525,-2.1334019868502807,2.048850387224801,31.138407801098356,-2.0,4.0,45.5,0.02581638679613406
13.269999999999762,-2.484989886571037,4.472771633740114,45.90819420896559,-2.1330104721439507,2.048831824146863,31.137845183812345,-2.0,4.0,45.5,0.025809394425137418
13.279999999999761,-2.484170208782848,4.472684232289404,45.90773244234445,-2.1326182390133894,2.0488071127870726,31.1372869305532,-2.0,4.0,45.5,0.025799723251898308
13.289999999999761,-2.483348517524789,4.472583483741408,45.90727555558794,-2.1322253593472955,2.0487765690634476,31.136733000622787,-2.0,4.0,45.5,0.025793042975488973
13.299999999999761,-2.4825251685970664,4.472469438967562,45.90682340929862,-2.131832069594104,2.0487398817570255,31.136183359114455,-2.0,4.0,45.5,0.025783616761249878
13.30999999999976,-2.4817005082396983,4.472342198107402,45.90637594759243,-2.131438440354419,2.0486973708658933,31.135637961022006,-2.0,4.0,45.5,0.02577745948178705
13.31999999999976,-2.48087488140368,4.47220183946324,45.90593305150801,-2.131044662192423,2.0486488914587135,31.135096765323766,-2.0,4.0,45.5,0.025769310811581608
13.32999999999976,-2.480048633051233,4.472048429056936,45.90549460210857,-2.1306509262143507,2.048594289039317,31.134559728853855,-2.0,4.0,45.5,0.025761150021726534
13.33999999999976,-2.4792220977633854,4.471882078492015,45.90506054424696,-2.1302573000154124,2.048533889874559,31.13402680022396,-2.0,4.0,45.5,0.025755652565803186
13.34999999999976,-2.4783956112993604,4.471702858671273,45.904630739516,-2.1298640074310597,2.0484673972193725,31.13349793508636,-2.0,4.0,45.5,0.02574729713012809
13.35999999999976,-2.477569499129342,4.471510889398538,45.90420513279037,-2.1294711142882257,2.0483951406555807,31.13297307880071,-2.0,4.0,45.5,0.025742183137718384
13.36999999999976,-2.4767440875975906,4.471306249034689,45.903783585990155,-2.1290788393805546,2.04831682522863,31.132452183812052,-2.0,4.0,45.5,0.025734241807421558
13.37999999999976,-2.475919692469399,4.47108906508834,45.90336604508894,-2.128687245065084,2.048232786658346,31.13193519217225,-2.0,4.0,45.5,0.025729560941983906
13.389999999999759,-2.475096584674886,4.470859536300831,45.90295238503056,-2.1282964952339505,2.0481428841613774,31.131422050911784,-2.0,4.0,45.5,0.02570688968407994
13.399999999999759,-2.4742752034295155,4.470617456964505,45.90254252141872,-2.127906791743285,2.0480470224332827,31.130912707513325,-2.0,4.0,45.5,0.025729442371087968
13.409999999999759,-2.4734557673967488,4.4703631473747265,45.902136356357374,-2.1275182300919298,2.0479452689720383,31.130407104924586,-2.0,4.0,45.5,0.02571165333885377
13.419999999999758,-2.4726385677837825,4.470096754740301,45.90173382164716,-2.1271308822178945,2.047837910543736,31.129905179577825,-2.0,4.0,45.5,0.025706838742420187
13.429999999999758,-2.4718238992356945,4.469818377691866,45.9013347809031,-2.1267449522564728,2.047724653689672,31.129406876691498,-2.0,4.0,45.5,0.025700141738564348
13.439999999999758,-2.471012045230774,4.469528165091929,45.90093918495776,-2.1263604919531325,2.047605852050424,31.128912131988084,-2.0,4.0,45.5,0.02569679485257688
13.449999999999758,-2.470203288497828,4.469226223259987,45.90054690044891,-2.1259776972108,2.0474812221828493,31.128420889184856,-2.0,4.0,45.5,0.025690574173750636
13.459999999999757,-2.4693979004999296,4.468912708582588,45.900157880121,-2.1255966156570203,2.0473511242870246,31.127933082530983,-2.0,4.0,45.5,0.02568765079251275
13.469999999999757,-2.4685961516975294,4.46858773440933,45.89977199213943,-2.125217436575152,2.047215278356959,31.127448654508903,-2.0,4.0,45.5,0.02568182539086531
13.479999999999757,-2.4677983014722735,4.468251463670318,45.89938919115096,-2.1248402037004435,2.0470740499554196,31.12696753800396,-2.0,4.0,45.5,0.025679336700529756
13.489999999999757,-2.4670046079287182,4.467904015938977,45.89900934699348,-2.1244650996340937,2.046927162235967,31.126489675148424,-2.0,4.0,45.5,0.025673937026108023
13.499999999999757,-2.4662153181105766,4.467545560382154,45.898632416321,-2.124092164112014,2.0467749861169704,31.12601499790465,-2.0,4.0,45.5,0.025671883655145975
13.509999999999756,-2.4654306775226553,4.467176222491635,45.898258270685744,-2.1237215728739827,2.0466172478090954,31.12554344724767,-2.0,4.0,45.5,0.025666907890511983
13.519999999999756,-2.464650920671469,4.4667961773413145,45.89788686879392,-2.1233533616288547,2.046454323437045,31.125074955189866,-2.0,4.0,45.5,0.025665288443413804
13.529999999999756,-2.463876277414178,4.466405576186915,45.897518105182606,-2.122987664342464,2.0462861099007483,31.12460945957681,-2.0,4.0,45.5,0.02566161159069309
13.539999999999756,-2.463106974525652,4.466004556276894,45.89715187544208,-2.122624614230176,2.046112494832359,31.12414689905436,-2.0,4.0,45.5,0.025657934604172445
13.549999999999756,-2.462343227662151,4.465593300119401,45.89678814134844,-2.122264241439229,2.045933857873221,31.12368720464549,-2.0,4.0,45.5,0.025656978628232317
13.559999999999755,-2.4615852501017015,4.465171947117722,45.896426780003125,-2.1219067023837823,2.0457499406845314,31.123230317113855,-2.0,4.0,45.5,0.025653092822269602
13.569999999999755,-2.460833244558366,4.464740685037698,45.896067754344415,-2.1215520244330146,2.045561124412771,31.12277616809166,-2.0,4.0,45.5,0.025652515471874148
13.579999999999755,-2.460087411354328,4.464299657806194,45.89571094301879,-2.121200356708929,2.045367152477681,31.122324698403947,-2.0,4.0,45.5,0.025649045119665856
13.589999999999755,-2.4593479403504315,4.463849057700517,45.89535631087096,-2.1208517222612073,2.0451684101668413,31.121875839376322,-2.0,4.0,45.5,0.025648890183822444
13.599999999999755,-2.4586150188867752,4.463389032890329,45.8950037384128,-2.120506263287517,2.0449646438022664,31.12142953253626,-2.0,4.0,45.5,0.025645839957299448
13.609999999999754,-2.4578888239934598,4.462919779743581,45.89465319238569,-2.1201639985622194,2.0447562426646435,31.12098570982197,-2.0,4.0,45.5,0.025646105569224198
13.619999999999754,-2.4571695300634704,4.462441450240524,45.894304555126425,-2.1198250633242353,2.0445429557796633,31.120544312865302,-2.0,4.0,45.5,0.025643473081260356
13.629999999999754,-2.4564573014100586,4.461954244511228,45.89395779545139,-2.1194894726597973,2.044325176956214,31.120105274479528,-2.0,4.0,45.5,0.025644165090074864
13.639999999999754,-2.4557522995436605,4.461458317864161,45.893612797273235,-2.1191573543054147,2.0441026570684446,31.119668536924507,-2.0,4.0,45.5,0.025641941523525794
13.649999999999753,-2.455054676121137,4.46095387365544,45.893269531296944,-2.118828719482991,2.043875793641135,31.11923403346301,-2.0,4.0,45.5,0.02564305243258162
13.659999999999753,-2.4543645798822804,4.460441070069734,45.89292788311373,-2.1185036887098856,2.0436443396735875,31.11880170766055,-2.0,4.0,45.5,0.025641240532426744
13.669999999999753,-2.4536821499499095,4.45992011320278,45.892587825282966,-2.118182269422029,2.0434086961530142,31.11837149356011,-2.0,4.0,45.5,0.02564276878484819
13.679999999999753,-2.4530075224214016,4.45939116362536,45.892249245012245,-2.117864574936412,2.0431686178881154,31.117943334890803,-2.0,4.0,45.5,0.025641366078717934
13.689999999999753,-2.4523408240342097,4.458854429673698,45.89191211668484,-2.1175506089997036,2.042924509072526,31.11751716711811,-2.0,4.0,45.5,0.02564331027281073
13.699999999999752,-2.4516821783997216,4.458310073808182,45.89157632912095,-2.117240477769211,2.0426761262134145,31.117092934961846,-2.0,4.0,45.5,0.025642316406538145
13.709999999999752,-2.4510317000417112,4.4577583060908434,45.89124185847495,-2.116934181398928,2.0424238763391336,31.116670574856165,-2.0,4.0,45.5,0.02564467461386399
13.719999999999752,-2.4503895002663203,4.4571992903633335,45.89090859517106,-2.1166318189422313,2.0421675174922456,31.11625003304576,-2.0,4.0,45.5,0.025644089174601245
13.729999999999752,-2.4497556815675017,4.456633237887352,45.89057651708904,-2.1163333870590435,2.0419074591574797,31.115831246474123,-2.0,4.0,45.5,0.02564685983299181
13.739999999999752,-2.449130343140171,4.456060313362351,45.89024551622272,-2.1160389777602475,2.0416434606046736,31.115414162278388,-2.0,4.0,45.5,0.025646681665863365
13.749999999999751,-2.4485135756538465,4.455480728720843,45.88991557216878,-2.1157485843214054,2.041375933509448,31.1149987185256,-2.0,4.0,45.5,0.025649864501043777
13.759999999999751,-2.447905466401177,4.454894648993849,45.889586578498836,-2.1154622917833343,2.0411046381853613,31.114584863775217,-2.0,4.0,45.5,0.02565009398495021
13.76999999999975,-2.447306094449651,4.454302286250567,45.88925851651884,-2.11518009014776,2.0408299881970215,31.11417253744954,-2.0,4.0,45.5,0.025653688876077285
13.77999999999975,-2.44671553541198,4.453703805319651,45.88893128136631,-2.1149020575647914,2.0405517445934525,31.113761689049493,-2.0,4.0,45.5,0.02565432580011708
13.78999999999975,-2.4461338569766085,4.453099417865282,45.88860485604024,-2.1146281808689373,2.0402703224454233,31.11335225893105,-2.0,4.0,45.5,0.02565833240424028
13.79999999999975,-2.445561123311013,4.452489287981535,45.888279137270324,-2.1143585314112947,2.0399854833338615,31.112944198095356,-2.0,4.0,45.5,0.025659377871537423
13.80999999999975,-2.4449973909661855,4.451873626392387,45.88795410977773,-2.1140930929723534,2.0396976435935628,31.112537448591866,-2.0,4.0,45.5,0.025663797432869742
13.81999999999975,-2.44444271290061,4.451252595920031,45.88762967188487,-2.113831930193293,2.039406564981579,31.1121319621258,-2.0,4.0,45.5,0.02566525178538511
13.82999999999975,-2.443897134769037,4.450626405808935,45.88730581003928,-2.1135750239087727,2.039112664709298,31.111727681961774,-2.0,4.0,45.5,0.025670084766844032
13.83999999999975,-2.4433606985692777,4.449995217082303,45.88698242421437,-2.1133224321540958,2.038815704540635,31.111324561478067,-2.0,4.0,45.5,0.025671950282672495
13.84999999999975,-2.442833439307605,4.449359236970805,45.88665950259831,-2.113074132922609,2.038516102174477,31.110922544546174,-2.0,4.0,45.5,0.02567719756725486
13.859999999999749,-2.4423153882678243,4.448718624171945,45.88633694685168,-2.1128301777464458,2.038213619077762,31.110521586022333,-2.0,4.0,45.5,0.025679475834940322
13.869999999999749,-2.441806570058144,4.448073583380198,45.886014746964165,-2.112590541884966,2.0379086731942415,31.11012163110285,-2.0,4.0,45.5,0.025685139876053593
13.879999999999749,-2.441307005499775,4.447424270448087,45.885692806324,-2.112355270471745,2.037601025366799,31.109722635670288,-2.0,4.0,45.5,0.025687832724648633
13.889999999999748,-2.4408167090558317,4.446770887019325,45.88537111677506,-2.112124336135984,2.037291093472875,31.109324546310727,-2.0,4.0,45.5,0.02569391574779695
13.899999999999748,-2.440335691339296,4.4461135855968665,45.88504958350995,-2.111897777724373,2.036978637512819,31.108927320480426,-2.0,4.0,45.5,0.025697026242959636
13.909999999999748,-2.439863956921661,4.445452564271751,45.88472820029233,-2.111675565335119,2.03666407500676,31.108530906294693,-2.0,4.0,45.5,0.025703531001696565
13.919999999999748,-2.439401506463689,4.444787971702347,45.884406874175355,-2.1114577316402645,2.0363471647807287,31.108135262296617,-2.0,4.0,45.5,0.02570706160041618
13.929999999999747,-2.438948334895243,4.4441200019375895,45.8840856009053,-2.1112442443022417,2.0360283236678023,31.10774033791021,-2.0,4.0,45.5,0.025713990787847564
13.939999999999747,-2.438504433177866,4.4434487993138525,45.88376428948058,-2.1110351299332564,2.035707309074965,31.107346093051376,-2.0,4.0,45.5,0.025717944938595506
13.949999999999747,-2.4380697868523957,4.442774553365924,45.88344293770207,-2.110830353851931,2.035384536834682,31.106952478259814,-2.0,4.0,45.5,0.025725301642476012
13.959999999999747,-2.4376443774332084,4.442097403648725,45.8831214566058,-2.110629936727836,2.0350597627001417,31.106559455151107,-2.0,4.0,45.5,0.02572968311932403
13.969999999999747,-2.4372281813241554,4.441417534732639,45.88279984614168,-2.1104338416257953,2.0347334012646456,31.106166975764573,-2.0,4.0,45.5,0.02573747125428932
13.979999999999746,-2.43682117084342,4.4407350809481905,45.88247801945531,-2.1102420833873445,2.0344052062974822,31.105775002808162,-2.0,4.0,45.5,0.025742283261663588
13.989999999999746,-2.4364233142899527,4.440050200455134,45.88215595666274,-2.1100546369562316,2.0340754163950496,31.10538349233847,-2.0,4.0,45.5,0.02574960023886415
13.999999999999746,-2.436034574285682,4.439363067086618,45.881833640923254,-2.10987147168521,2.033744296432225,31.104992401057597,-2.0,4.0,45.5,0.025757426391843828
14.009999999999746,-2.4356549096632083,4.438673806201768,45.88151098660215,-2.1096925955974086,2.0334115848603194,31.104601693507455,-2.0,4.0,45.5,0.02576279755644983
14.019999999999746,-2.4352842750933985,4.4379825885963164,45.88118800034601,-2.109517966034346,2.033077699262167,31.104211325473596,-2.0,4.0,45.5,0.025771719842672305
14.029999999999745,-2.43492262099633,4.437289533236916,45.880864600010405,-2.1093475843563567,2.0327423799743602,31.10382126341736,-2.0,4.0,45.5,0.025777591173504703
14.039999999999745,-2.434569893738564,4.4365948046195935,45.88054079474555,-2.1091814058303586,2.0324060424807833,31.103431464386198,-2.0,4.0,45.5,0.025786955546116024
14.049999999999745,-2.434226035411458,4.435898515163819,45.880216504902,-2.109019426384275,2.0320684246771243,31.103041896343836,-2.0,4.0,45.5,0.02579327342783652
14.059999999999745,-2.433890984351085,4.435200822628789,45.87989174213702,-2.108861599412506,2.031729939292555,31.102652517521932,-2.0,4.0,45.5,0.025803085642749714
14.069999999999744,-2.4335646745663384,4.434501832551178,45.87956642940523,-2.1087079155346515,2.0313903216045617,31.10226329792069,-2.0,4.0,45.5,0.025809855462695624
14.079999999999744,-2.433247036603678,4.433801695642262,45.87924058096981,-2.108558326338393,2.0310499814079925,31.101874197037866,-2.0,4.0,45.5,0.025820120193956967
14.089999999999744,-2.432937996631566,4.433100510252578,45.878914122449466,-2.108412817256312,2.0307086510217434,31.101485185858543,-2.0,4.0,45.5,0.025827345367881
14.099999999999744,-2.4326374776534925,4.432398419769946,45.878587070837895,-2.1082713381420923,2.030366737258934,31.101096226382083,-2.0,4.0,45.5,0.025838068230054693
14.109999999999744,-2.4323453982456744,4.431695515093809,45.87825935451856,-2.10813386936885,2.03002396933352,31.1007072910739,-2.0,4.0,45.5,0.025845753690501197
14.119999999999743,-2.4320616741066257,4.4309919320358455,45.87793099328113,-2.108000359115241,2.0296807508252073,31.100318343629862,-2.0,4.0,45.5,0.025856938549851483
14.129999999999743,-2.4317862164641673,4.43028775380819,45.87760191835076,-2.1078707828234933,2.0293368076372835,31.099929357923436,-2.0,4.0,45.5,0.025865088557203725
14.139999999999743,-2.4315189339547323,4.4295831084286155,45.87727215238716,-2.1077450870589765,2.0289925399382955,31.099540299090712,-2.0,4.0,45.5,0.02587673969401241
14.149999999999743,-2.4312597307042667,4.428878071222359,45.876941629552476,-2.107623242465678,2.0286476702309977,31.09915114320545,-2.0,4.0,45.5,0.025885359275419965
14.159999999999743,-2.431008508531533,4.428172762231442,45.876610375458725,-2.1075051940555554,2.028302595172949,31.098761857088096,-2.0,4.0,45.5,0.025897481426831452
14.169999999999742,-2.430765164709024,4.427467248723179,45.87627832725223,-2.1073909078048523,2.027957033630992,31.09837241832429,-2.0,4.0,45.5,0.02590657420320045
14.179999999999742,-2.4305295944792458,4.426761642613423,45.87594551355777,-2.1072803272301357,2.027611378613539,31.097982795241457,-2.0,4.0,45.5,0.025919171507010116
14.189999999999742,-2.4303016885107245,4.4260560029790135,45.87561187457836,-2.1071734137761773,2.027265345268564,31.097592967487135,-2.0,4.0,45.5,0.02592874208666895
14.199999999999742,-2.4300813357204536,4.425350433497046,45.87527744201788,-2.1070701095238853,2.0269193228958557,31.097202905199094,-2.0,4.0,45.5,0.02594181907909957
14.209999999999742,-2.4298684204264136,4.424644984953931,45.87494215917792,-2.1069703715229977,2.026573022776002,31.096812589860036,-2.0,4.0,45.5,0.025951871237519283
14.219999999999741,-2.429662825468267,4.423939752708446,45.87460606088925,-2.1068741404765206,2.026226830423367,31.096421993447347,-2.0,4.0,45.5,0.02596543198836723
14.229999999999741,-2.4294644290690903,4.42323477919243,45.8742690935921,-2.106781369179078,2.025880453154237,31.096031099371867,-2.0,4.0,45.5,0.02597596961156002
14.23999999999974,-2.4292731082471737,4.422530151401786,45.873931295275696,-2.1066919970147246,2.025534272617989,31.095639881274575,-2.0,4.0,45.5,0.025990017827590316
14.24999999999974,-2.429088735391526,4.421825903385515,45.87359261555163,-2.1066059726673143,2.025187992103589,31.0952483247356,-2.0,4.0,45.5,0.02600104470753843
14.25999999999974,-2.428911181958829,4.421122113769827,45.87325309560696,-2.1065232342627667,2.0248419894110334,31.094856405567175,-2.0,4.0,45.5,0.026015584526422553
14.26999999999974,-2.428740358851198,4.420418692721251,45.87291267599292,-2.106443777079541,2.0244958103903805,31.09446411346419,-2.0,4.0,45.5,0.026042590987056864
14.27999999999974,-2.4285760020045415,4.419716058686457,45.872571433047916,-2.106367392698324,2.0241502719209326,31.094071418910055,-2.0,4.0,45.5,0.026030226478607192
14.28999999999974,-2.428418057508157,4.419013996618363,45.87222928417842,-2.1062941375899804,2.023804707840341,31.093678314976767,-2.0,4.0,45.5,0.026053256493029756
14.29999999999974,-2.4282663893908816,4.418312564574103,45.87188629454902,-2.1062239293334244,2.0234595514053346,31.093284782409505,-2.0,4.0,45.5,0.026069756581221962
14.30999999999974,-2.428120853689149,4.417611773156375,45.87154242479137,-2.1061567030005963,2.0231145006409044,31.092890812662944,-2.0,4.0,45.5,0.02608224967906197
14.31999999999974,-2.4279813067352904,4.41691167625761,45.8711977256434,-2.106092393319692,2.0227699216596235,31.092496387826213,-2.0,4.0,45.5,0.026098277128314053
14.329999999999739,-2.4278476002844287,4.416212274786173,45.870852159369534,-2.1060309340393353,2.022425501005811,31.092101501380302,-2.0,4.0,45.5,0.02611129049411453
14.339999999999739,-2.4277195861785272,4.415513614612883,45.87050577992709,-2.1059722588117933,2.0220816011377116,31.091706137226062,-2.0,4.0,45.5,0.02612780713676276
14.349999999999739,-2.4275971118306794,4.414815688341417,45.870158552691606,-2.1059162981494697,2.021737904077659,31.091310290926003,-2.0,4.0,45.5,0.026141336125599404
14.359999999999738,-2.4274800249870876,4.414118533700733,45.869810534757434,-2.105862984838531,2.0213947682525166,31.090913948251426,-2.0,4.0,45.5,0.026158385209415238
14.369999999999738,-2.4273681688053834,4.4134221357284735,45.86946169460601,-2.1058122461000934,2.0210518718675874,31.090517106933163,-2.0,4.0,45.5,0.026172410993080136
14.379999999999738,-2.4272613870939765,4.412726524563861,45.86911209241807,-2.1057640138386127,2.020709569716592,31.090119755344766,-2.0,4.0,45.5,0.026189961579705708
14.389999999999738,-2.427159519155539,4.412031677615254,45.868761699678295,-2.105718212282085,2.02036753581967,31.089721893332626,-2.0,4.0,45.5,0.026204494100795638
14.399999999999737,-2.427062405202035,4.4113376175381624,45.868410579585706,-2.1056747725428515,2.020026121292466,31.08932351114086,-2.0,4.0,45.5,0.026222553884613642
14.409999999999737,-2.426969881734697,4.410644335429848,45.868058728637116,-2.1056336172235777,2.019685171192121,31.08892460782519,-2.0,4.0,45.5,0.0262385026411504
14.419999999999737,-2.426881783397017,4.409951801400377,45.86770614508729,-2.1055946713740283,2.0193445176232583,31.088525183700863,-2.0,4.0,45.5,0.026254490212249126
14.429999999999737,-2.426797945720049,4.40926002657444,45.867352896556035,-2.1055578638612467,2.019004502535907,31.088125232666982,-2.0,4.0,45.5,0.0262733352720378
14.439999999999737,-2.4267181997411287,4.40856897100036,45.86699896282573,-2.105523112159748,2.0186647979672063,31.087724759774567,-2.0,4.0,45.5,0.026289175866676645
14.449999999999736,-2.426642378014184,4.407878639237683,45.86664441329884,-2.1054903456419964,2.018325738828477,31.087323760479677,-2.0,4.0,45.5,0.026308476865421933
14.459999999999736,-2.426570308862909,4.407188984526832,45.86628923033967,-2.1054594795342894,2.017986992538614,31.08692224264068,-2.0,4.0,45.5,0.026324827555110383
14.469999999999736,-2.42650182236199,4.406500004958942,45.86593348611616,-2.1054304427125206,2.017648891154666,31.086520204041722,-2.0,4.0,45.5,0.026344643288041994
14.479999999999736,-2.426436744423591,4.405811647382274,45.86557716550472,-2.105403148206687,2.0173110978440096,31.08611765360981,-2.0,4.0,45.5,0.026361501284324202
14.489999999999736,-2.4263749029675252,4.40512390376583,45.86522034331805,-2.105377524487586,2.01697394193927,31.08571459153158,-2.0,4.0,45.5,0.026381831005077096
14.499999999999735,-2.426316121838346,4.404436714921228,45.864863006863196,-2.105353482588125,2.0166370826583537,31.085311029346734,-2.0,4.0,45.5,0.026399197375618435
14.509999999999735,-2.426260227139536,4.403750067052841,45.86450523344821,-2.1053309506642144,2.0163008466714913,31.084906968817325,-2.0,4.0,45.5,0.026420039938395506
14.519999999999735,-2.4262070409925145,4.403063895306007,45.864147012676135,-2.1053098379487523,2.01596488938838,31.084502424090466,-2.0,4.0,45.5,0.02643791389956616
14.529999999999735,-2.426156388028292,4.402378180502409,45.863788424224516,-2.1052900723816035,2.015629535023638,31.084097398942447,-2.0,4.0,45.5,0.026459268834354618
14.539999999999734,-2.4261080889962376,4.401692852506291,45.86342945982092,-2.105271561591934,2.0152944352206177,31.083691909077164,-2.0,4.0,45.5,0.026477648355651053
14.549999999999734,-2.4260619674052397,4.401007887157226,45.86307020137844,-2.105254233408829,2.0149599119604034,31.08328596079494,-2.0,4.0,45.5,0.026499514777487087
14.559999999999734,-2.4260178429855728,4.400323209444614,45.862710642603616,-2.1052379940581787,2.014625613308107,31.0828795715391,-2.0,4.0,45.5,0.02651839856118408
14.569999999999734,-2.425975538476056,4.399638790637053,45.86235086746854,-2.105222771360239,2.014291859105384,31.082472749333014,-2.0,4.0,45.5,0.02654077410043849
14.579999999999734,-2.425934872950637,4.3989545512724675,45.86199087151239,-2.1052084703463483,2.013958294065505,31.082065513862915,-2.0,4.0,45.5,0.026560160647433117
14.589999999999733,-2.4258956687336015,4.3982704584770715,45.861630740608526,-2.1051950189344057,2.0136252360978903,31.081657874990185,-2.0,4.0,45.5,0.026583043411467742
14.599999999999733,-2.42585774460884,4.397586428770983,45.86127047195573,-2.1051823211689182,2.0132923267200606,31.081249854397072,-2.0,4.0,45.5,0.026602930205933222
14.609999999999733,-2.4258209674557882,4.396902309726905,45.860910141088034,-2.1051703559734634,2.012959729561862,31.08084146615455,-2.0,4.0,45.5,0.026641740406440597
14.619999999999733,-2.425785024269912,4.39621836335467,45.860549778114624,-2.1051588806247707,2.012627523606632,31.080432726390733,-2.0,4.0,45.5,0.02663489237368958
14.629999999999733,-2.4257498232574357,4.395534316947174,45.860189434215755,-2.1051479394196413,2.012295665080272,31.080023652476466,-2.0,4.0,45.5,0.026669708575796296
14.639999999999732,-2.425715187766619,4.394850097438849,45.85982914874382,-2.1051374221552663,2.011964027043854,31.079614268133685,-2.0,4.0,45.5,0.02669244650110224
14.649999999999732,-2.4256809375352577,4.394165618465461,45.859468946035975,-2.1051272383978668,2.0116324148953417,31.079204596679098,-2.0,4.0,45.5,0.026714240618035224
14.659999999999732,-2.425646896374973,4.393480835479042,45.859108917210825,-2.1051173159205345,2.011301137426207,31.07879465439239,-2.0,4.0,45.5,0.026738888850450254
14.669999999999732,-2.4256128849515703,4.392795655102975,45.85874906493985,-2.105107557139828,2.010969834479796,31.07838446912724,-2.0,4.0,45.5,0.026760536218342085
14.679999999999731,-2.4255787281883516,4.392110030798793,45.85838948045856,-2.1050978915550114,2.0106388102270323,31.077974058406618,-2.0,4.0,45.5,0.026785631435578626
14.689999999999731,-2.425544248136557,4.391423867118733,45.858030167148904,-2.105088221634297,2.0103077013984816,31.077563451428546,-2.0,4.0,45.5,0.026807763203115918
14.699999999999731,-2.425509271307161,4.390737115925578,45.857671217219846,-2.105078477629721,2.0099768117836323,31.077152667481066,-2.0,4.0,45.5,0.02683334977843933
14.70999999999973,-2.4254736214814825,4.39004968026119,45.85731263465513,-2.1050685621620353,2.0096457756109203,31.07674173723158,-2.0,4.0,45.5,0.026855960045771697
14.71999999999973,-2.4254371271164783,4.389361510863353,45.85695451243485,-2.1050584063574287,2.0093148964639056,31.076330681370695,-2.0,4.0,45.5,0.026882032568303564
14.72999999999973,-2.4253996152897317,4.38867253055842,45.85659687670132,-2.1050479190665676,2.0089839795416733,31.075919528776517,-2.0,4.0,45.5,0.02690601377274579
14.73999999999973,-2.42536091359187,4.387982644646912,45.85623975406176,-2.1050370134122787,2.008652818168102,31.075508309889802,-2.0,4.0,45.5,0.026930014918964205
14.74999999999973,-2.425320854193327,4.38729180227188,45.8558832382981,-2.105025620655276,2.008321712077016,31.07509704719652,-2.0,4.0,45.5,0.026956824648374265
14.75999999999973,-2.4252792667990617,4.3865999053593905,45.85552733516061,-2.1050136449170473,2.0079902982161166,31.074685774835007,-2.0,4.0,45.5,0.026980644392381473
14.76999999999973,-2.425235986415925,4.385906902917228,45.85517213769173,-2.1050010199134945,2.007658872626088,31.074274516921225,-2.0,4.0,45.5,0.027007927750534108
14.77999999999973,-2.425190845449502,4.385212697697414,45.854817651493526,-2.1049876504155454,2.0073270706956117,31.073863308379128,-2.0,4.0,45.5,0.027032164526639865
14.78999999999973,-2.4251436819362686,4.384517239607745,45.854463969714686,-2.104973471360697,2.0069951895733804,31.07345217388373,-2.0,4.0,45.5,0.02705986109617159
14.799999999999729,-2.425094333136365,4.3838204517795765,45.85411111912194,-2.104958394958903,2.0066630335311757,31.073041146451523,-2.0,4.0,45.5,0.02708547901709973
14.809999999999729,-2.425042637354659,4.383122240910664,45.853759126583746,-2.1049423379618375,2.006330395368318,31.07263026000233,-2.0,4.0,45.5,0.027111081947002652
14.819999999999729,-2.4249884382361118,4.382422557563927,45.8534080851821,-2.1049252361069613,2.0059975701506936,31.072219540968213,-2.0,4.0,45.5,0.02713947963500275
14.829999999999728,-2.4249315776595473,4.381721306017063,45.85305800040679,-2.104906997896439,2.005664195427581,31.071809026543313,-2.0,4.0,45.5,0.027164933074845993
14.839999999999728,-2.4248719030657244,4.381018438868279,45.8527089640584,-2.104887561661723,2.005330564479188,31.071398743585167,-2.0,4.0,45.5,0.02719373822564239
14.849999999999728,-2.424809260366083,4.380313862339912,45.85236098072277,-2.104866837428091,2.004996313122572,31.07098873002456,-2.0,4.0,45.5,0.027219603074251454
14.859999999999728,-2.4247435013472747,4.379607531082733,45.852014141704124,-2.104844765329993,2.0046617364723804,31.070579013614594,-2.0,4.0,45.5,0.027248853453267725
14.869999999999727,-2.424674477623266,4.378899373853322,45.851668472013245,-2.104821263128354,2.004326639793806,31.07016963054619,-2.0,4.0,45.5,0.027276030354296005
14.879999999999727,-2.424602042479523,4.378189303635797,45.851323996375804,-2.1047962535213465,2.0039908168011045,31.069760617026873,-2.0,4.0,45.5,0.02730320175074365
14.889999999999727,-2.4245260549281755,4.377477278142322,45.85098080506607,-2.104769678115243,2.0036545619781223,31.06935200171593,-2.0,4.0,45.5,0.027333125325490742
14.899999999999727,-2.4244463726959427,4.376763209980941,45.85063890090958,-2.104741451809584,2.0033175155896323,31.068943823387052,-2.0,4.0,45.5,0.027360075168413968
14.909999999999727,-2.4243628597272777,4.376047060149092,45.85029837227919,-2.1047115193274024,2.002979971016437,31.068536110681613,-2.0,4.0,45.5,0.02739037083205598
14.919999999999726,-2.4242753790182885,4.375328744118628,45.8499592204546,-2.104679797857702,2.0026415667925175,31.068128903282503,-2.0,4.0,45.5,0.02741772716907038
14.929999999999726,-2.424183799901362,4.374608226307831,45.84962153278389,-2.1046462343007057,2.0023025992337455,31.06772223024393,-2.0,4.0,45.5,0.02744844345695171
14.939999999999726,-2.424087992070642,4.373885445976578,45.84928533026878,-2.104610753955803,2.001962876343285,31.067316128683302,-2.0,4.0,45.5,0.027477080127567728
14.949999999999726,-2.4239878729684907,4.373160212188633,45.84895062136803,-2.104573338449786,2.0016220439569583,31.066910637543923,-2.0,4.0,45.5,0.027520967449937244
14.959999999999726,-2.4238831858028336,4.37243284111244,45.84861752263277,-2.1045337898579675,2.0012808343373205,31.066505779228514,-2.0,4.0,45.5,0.027525375053792732
14.969999999999725,-2.4237738954883485,4.371703026312592,45.84828599460873,-2.104492147977144,2.000938537538092,31.066101596845613,-2.0,4.0,45.5,0.02756453608709514
14.979999999999725,-2.423659888851014,4.3709707378020495,45.84795613750237,-2.1044483473284004,2.0005955118524685,31.065698120524793,-2.0,4.0,45.5,0.027597167086513347
14.989999999999725,-2.423541048874362,4.370235906070642,45.8476279485954,-2.1044023120958286,2.0002514066110444,31.06529539004044,-2.0,4.0,45.5,0.027625886038885692
14.999999999999725,-2.4234172656767665,4.36949850967939,45.847301509411984,-2.1043539973277454,1.999906522475527,31.064893434356907,-2.0,4.0,45.5,0.02765796228179996
15.009999999999724,-2.4232884290814765,4.368758481990879,45.846976813576255,-2.104303332183353,1.999560500842311,31.064492292642065,-2.0,4.0,45.5,0.027687062638991504
15.019999999999724,-2.4231544357300976,4.368015806281002,45.84665394097127,-2.1042502743580016,1.9992136461992978,31.064091992932724,-2.0,4.0,45.5,0.02771952725844428
15.029999999999724,-2.4230151831630606,4.367270441200116,45.84633290444111,-2.1041947613138596,1.9988657713860345,31.06369257173703,-2.0,4.0,45.5,0.027749873696934796
15.039999999999724,-2.4228705716634384,4.366522330758358,45.84601371589984,-2.1041367361136345,1.9985166779143952,31.06329406522343,-2.0,4.0,45.5,0.027780175814905918
15.049999999999724,-2.422720508011208,4.365771465347173,45.84569645255254,-2.1040761591340527,1.9981666726830816,31.06289650136781,-2.0,4.0,45.5,0.027813191656440597
15.059999999999723,-2.4225648987453696,4.365017791228163,45.845381103163874,-2.1040129672314087,1.9978154038408444,31.062499918204168,-2.0,4.0,45.5,0.027843141968781415
15.069999999999723,-2.422403657846718,4.364261303357811,45.84506774192463,-2.103947125146693,1.997463177712289,31.06210434301998,-2.0,4.0,45.5,0.02787652515371228
15.079999999999723,-2.422236700117823,4.36350197337298,45.84475637632464,-2.103878578125478,1.9971098126434677,31.061709810337618,-2.0,4.0,45.5,0.0279077486689156
15.089999999999723,-2.4220639433132347,4.362739758649499,45.84444701270676,-2.1038072771783547,1.9967551154991074,31.061316354718578,-2.0,4.0,45.5,0.02793890800426661
15.099999999999723,-2.421885311846153,4.361974662885206,45.84413972227272,-2.1037331897409293,1.996399396808556,31.060924002437293,-2.0,4.0,45.5,0.027972775681903834
15.109999999999722,-2.4217007299617554,4.361206646535835,45.84383448805645,-2.1036562610637226,1.9960423110976486,31.060532789642604,-2.0,4.0,45.5,0.028003529397291442
15.119999999999722,-2.421510128058373,4.360435722207204,45.84353137843543,-2.1035764613998005,1.9956841739254898,31.06014274132051,-2.0,4.0,45.5,0.028037201027681525
15.129999999999722,-2.4213134408063457,4.359661871212874,45.84323039454533,-2.1034937461268437,1.9953248041294103,31.059753890005688,-2.0,4.0,45.5,0.028069156302641212
15.139999999999722,-2.4211106075255446,4.358885057229127,45.842931536486965,-2.1034080774067263,1.9949640066739445,31.059366268708743,-2.0,4.0,45.5,0.028101602401742656
15.149999999999721,-2.420901570323787,4.358105300311902,45.842634869787204,-2.1033194286443724,1.99460210191938,31.058979901084722,-2.0,4.0,45.5,0.028136154928819095
15.159999999999721,-2.4206862729495264,4.35732257330873,45.842340370758855,-2.1032277552391463,1.9942387467759404,31.058594820798724,-2.0,4.0,45.5,0.02816794091016406
15.169999999999721,-2.4204647099489125,4.356536791539674,45.84204808947105,-2.103133085602618,1.9938741157389632,31.058211052511247,-2.0,4.0,45.5,0.028217561914180993
15.17999999999972,-2.4202366969341265,4.355748296838149,45.841758051184414,-2.103035235789495,1.9935084650070927,31.05782861953914,-2.0,4.0,45.5,0.028223601498690683
15.18999999999972,-2.4200022768154534,4.35495684948096,45.84147021286187,-2.1029342891267437,1.9931412680267897,31.057447554375976,-2.0,4.0,45.5,0.028266316188085876
15.19999999999972,-2.4197614127865945,4.354162482184067,45.84118465032304,-2.1028302082575294,1.9927729139463963,31.05706787922781,-2.0,4.0,45.5,0.02830114086967276
15.20999999999972,-2.4195141148265766,4.353365066913198,45.84090132394936,-2.1027230066394544,1.992402925069643,31.05668962698176,-2.0,4.0,45.5,0.028346673206517965
15.21999999999972,-2.419260262048116,4.352564869491394,45.84062031068636,-2.1026125718828688,1.992031916189374,31.056312812954314,-2.0,4.0,45.5,0.02836691450997381
15.22999999999972,-2.418999868581234,4.3517617942464355,45.8403415749104,-2.1024989386157706,1.99165953219177,31.05593746475903,-2.0,4.0,45.5,0.028406393068145994
15.23999999999972,-2.418732857506956,4.3509559699123255,45.8400651228209,-2.1023820195964755,1.991285787390721,31.055563606686736,-2.0,4.0,45.5,0.02842511337619243
15.24999999999972,-2.4184593649479242,4.3501470601394026,45.83979096828328,-2.102261975148231,1.9909105196073646,31.055191263566392,-2.0,4.0,45.5,0.02849507960650432
15.25999999999972,-2.418179171457138,4.349335595008494,45.839519156494895,-2.102138546076617,1.990534261860009,31.05482045105432,-2.0,4.0,45.5,0.02849202853836895
15.269999999999719,-2.41789240146826,4.348521234148948,45.839249611843904,-2.102011896709975,1.9901563033443375,31.054451197805093,-2.0,4.0,45.5,0.028546940045641168
15.279999999999719,-2.4175435087118675,4.347723159351857,45.83897921921136,-2.1018576874030757,1.9897765520594497,31.054083807294518,-2.0,4.0,45.5,0.029627740417763056
15.289999999999718,-2.4171340719896315,4.346800706263165,45.838731373808535,-2.1016693789690133,1.9893481051784967,31.05372463909025,-2.0,4.0,45.5,0.028228510547807957
15.299999999999718,-2.4167348379792015,4.3458876212468125,45.838481636502664,-2.1014887347452778,1.988915403417062,31.053366028984083,-2.0,4.0,45.5,0.02942729464444119
15.309999999999718,-2.4163409426512845,4.344963971049891,45.83823502355469,-2.1013107247508382,1.9884773814506893,31.05300910709807,-2.0,4.0,45.5,0.029504449780445443
15.319999999999718,-2.4159471174093605,4.344032702697163,45.837991427309866,-2.1011327112019806,1.9880353527170627,31.052653902876337,-2.0,4.0,45.5,0.02958224881777078
15.329999999999718,-2.4155439146406668,4.343094879303669,45.83775133660934,-2.10094971738182,1.9875905948334993,31.052300641435004,-2.0,4.0,45.5,0.029550064448093098
15.339999999999717,-2.4151458106645727,4.342154756069709,45.837512972124266,-2.1007699584680495,1.9871420537615219,31.051948776161147,-2.0,4.0,45.5,0.02996730986584153
15.349999999999717,-2.414765061881752,4.341230289260385,45.83727527006349,-2.100597729103537,1.986704105723156,31.051597413554173,-2.0,4.0,45.5,0.02418751680702572
15.359999999999717,-2.4143733354352226,4.340287038560641,45.8370429625727,-2.100419522587437,1.9862578075036463,31.051248669945657,-2.0,4.0,45.5,0.02945179550572169
15.369999999999717,-2.413975762133428,4.339338039638388,45.83681404267292,-2.100238245209116,1.985808682535545,31.050901891912122,-2.0,4.0,45.5,0.02584166290910243
15.379999999999717,-2.413577292230516,4.338382783939661,45.83658872796803,-2.1000559707019733,1.985357439840552,31.05055705076008,-2.0,4.0,45.5,0.02315701763298526
15.389999999999716,-2.4131699407193676,4.33742064996901,45.836367208611996,-2.099868920785145,1.9849030177897795,31.050214388592856,-2.0,4.0,45.5,0.023034408138760402
15.399999999999716,-2.412749134494714,4.336452423327297,45.836149587586775,-2.0996748538277927,1.9844460180159404,31.04987401300995,-2.0,4.0,45.5,0.0234004744778714
15.409999999999716,-2.412316535165983,4.335480129467933,45.835935877089284,-2.0994742026731177,1.9839884449841616,31.049535865019305,-2.0,4.0,45.5,0.029721250784305674
15.419999999999716,-2.411878382726584,4.334536194093578,45.83572061258488,-2.0992715689131214,1.9835413816643217,31.049198384799773,-2.0,4.0,45.5,0.031993436347095096
15.429999999999715,-2.4114252413224673,4.333571836817602,45.835512192246796,-2.0990598309860755,1.9830886685127793,31.04886402655776,-2.0,4.0,45.5,0.03086506560548198
15.439999999999715,-2.4109607088384832,4.332604787124762,45.835306651416836,-2.098842678670966,1.9826325919426382,31.0485318858831,-2.0,4.0,45.5,0.03071801113690876
15.449999999999715,-2.410485175962869,4.331634477027953,45.835104513507375,-2.098619813609236,1.982174730695391,31.048202039369635,-2.0,4.0,45.5,0.030313983169429484
15.459999999999715,-2.409999781705002,4.330667253274614,45.83490424264775,-2.098392615817257,1.9817153994505041,31.04787417997759,-2.0,4.0,45.5,0.03041792073217254
15.469999999999715,-2.4095048056584685,4.329653562021888,45.83471504558986,-2.098157457147998,1.9812418275678567,31.04755064771329,-2.0,4.0,45.5,0.027670920695667324
15.479999999999714,-2.4090012138016315,4.328681475768243,45.83451991191763,-2.0979221650518696,1.9807742546251137,31.04722730202626,-2.0,4.0,45.5,0.030203394587673307
15.489999999999714,-2.408491915079451,4.3277296430401595,45.83432731487932,-2.097681166381214,1.9803246771062502,31.046905429950847,-2.0,4.0,45.5,0.0288413134133489
15.499999999999714,-2.4079761023478796,4.326779445278862,45.83413708334054,-2.097436912261631,1.9798744932813381,31.046585688964747,-2.0,4.0,45.5,0.028634986159461914
15.509999999999714,-2.4074538903542644,4.325827616196055,45.83394954044206,-2.09718946376643,1.9794218203980058,31.046268244011223,-2.0,4.0,45.5,0.02882935457269787
15.519999999999714,-2.4069338202048023,4.32484401047003,45.83377034410564,-2.096940362374074,1.9789604124617313,31.045954350224612,-2.0,4.0,45.5,0.026547988126894358
15.529999999999713,-2.4064002656225862,4.323867866878265,45.83358908390057,-2.096689096710115,1.9784867110851851,31.045642299079258,-2.0,4.0,45.5,0.02998710938114104
15.539999999999713,-2.405863835889147,4.322915217573795,45.83341054579327,-2.0964324453726877,1.9780355106559107,31.04533171556097,-2.0,4.0,45.5,0.02676677048170142
15.549999999999713,-2.40531866321461,4.321932288378797,45.83323626248857,-2.0961736050073334,1.9775604519982348,31.04502463309199,-2.0,4.0,45.5,0.029398640767593968
15.559999999999713,-2.404768103466981,4.320975211680008,45.833062971130154,-2.0959098605463247,1.9771036441763457,31.044718902686007,-2.0,4.0,45.5,0.02814753329649746
15.569999999999713,-2.404210890528162,4.320015495178931,45.83289206407216,-2.0956430054938338,1.976643008646528,31.044415611887388,-2.0,4.0,45.5,0.02857810935589617
15.579999999999712,-2.403647983062074,4.3190638176802985,45.83272274269281,-2.095372771773185,1.976185976783352,31.044114349341584,-2.0,4.0,45.5,0.02868523708319479
15.589999999999712,-2.403081177496307,4.318119039291763,45.83255500672732,-2.095100126059244,1.9757320283278883,31.043815120217715,-2.0,4.0,45.5,0.028857252882353853
15.599999999999712,-2.4025117444249102,4.317176392735522,45.832389054821235,-2.0948259797310165,1.9752776583078298,31.043518083429717,-2.0,4.0,45.5,0.028691330224057027
15.609999999999712,-2.401964606075386,4.316214175477975,45.832228066942555,-2.0945609388833297,1.9748173606253285,31.043223683620237,-2.0,4.0,45.5,0.021709454413908237
15.619999999999711,-2.4014207650155512,4.315210326469089,45.83207196429597,-2.0942995228553016,1.974327622865689,31.04293303775645,-2.0,4.0,45.5,0.02265853208854784
15.629999999999711,-2.400875102543572,4.3142067796861,45.831917925691656,-2.0940366565547244,1.9738376669234157,31.042644655779746,-2.0,4.0,45.5,0.0226506319275318
15.639999999999711,-2.4003280072694175,4.313204787759618,45.83176557331738,-2.0937726710431437,1.9733474619672946,31.042358458607367,-2.0,4.0,45.5,0.022738034200960804
15.64999999999971,-2.399780058047984,4.312205690499775,45.83161472814204,-2.093507764446951,1.972857904691109,31.04207437147367,-2.0,4.0,45.5,0.022800377908805933
15.65999999999971,-2.3992258020982704,4.311207461625162,45.83146591010171,-2.0932390376120473,1.9723685923355774,31.0417926036587,-2.0,4.0,45.5,0.02323673668636166
15.66999999999971,-2.3986560143604776,4.310265558269658,45.831311080066406,-2.0929637262089607,1.9719013128606364,31.041510920294048,-2.0,4.0,45.5,0.031224897280591205
15.67999999999971,-2.3980855385261672,4.309350119241674,45.83115692721885,-2.092684878145924,1.971454977046946,31.04123047720278,-2.0,4.0,45.5,0.029907967479852707
15.68999999999971,-2.3975146839361647,4.308447477701552,45.83100264207592,-2.0924054258740945,1.9710138136647704,31.040951647401023,-2.0,4.0,45.5,0.029972652107723315
15.69999999999971,-2.396943631733532,4.30755717033754,45.830848197347535,-2.09212540841726,1.970577712554416,31.04067442616718,-2.0,4.0,45.5,0.03001643728481533
15.70999999999971,-2.396372569808954,4.306679560133024,45.830693416402006,-2.091844888347211,1.9701467494940288,31.040398769328295,-2.0,4.0,45.5,0.030050756937897508
15.71999999999971,-2.3958016434067524,4.305814795135829,45.83053821656723,-2.0915639218915203,1.969721377499809,31.04012463246219,-2.0,4.0,45.5,0.030077882713012656
15.729999999999709,-2.395225450389714,4.304957126480015,45.83038297682622,-2.091280240201794,1.9692972787157181,31.039852319172372,-2.0,4.0,45.5,0.029932671618443155
15.739999999999709,-2.3946811208488654,4.304082819031496,45.830231048485714,-2.091010018759132,1.9688693460936388,31.039582066477,-2.0,4.0,45.5,0.02202698284917712
15.749999999999709,-2.3941293882300556,4.303161448829443,45.83008381377951,-2.0907380061802208,1.9684094742842682,31.039315737713792,-2.0,4.0,45.5,0.023392981405092137
15.759999999999708,-2.393575290703114,4.302242525598333,45.82993682949923,-2.090464446773698,1.967949110777992,31.03905124278835,-2.0,4.0,45.5,0.02376284476328398
15.769999999999708,-2.3930237235154337,4.301328705730474,45.82978967729417,-2.0901916449686304,1.967490294420223,31.03878830786549,-2.0,4.0,45.5,0.02346611381064881
15.779999999999708,-2.392474334178204,4.3004199788165405,45.82964237374246,-2.0899192781572715,1.9670332862863273,31.0385268987198,-2.0,4.0,45.5,0.023344606938610634
15.789999999999708,-2.391926492768453,4.299516383393307,45.829494874104604,-2.0896469965694386,1.966578203230691,31.038266974674723,-2.0,4.0,45.5,0.02330243269663933
15.799999999999708,-2.391376762920528,4.29861658140995,45.82934740415313,-2.089373049134874,1.9661245271717522,31.03800861621836,-2.0,4.0,45.5,0.023373569593286857
15.809999999999707,-2.390799346726842,4.29777244140911,45.829192289938575,-2.089087230279759,1.965690007389174,31.037750031590644,-2.0,4.0,45.5,0.030987498982931773
15.819999999999707,-2.3902268805947835,4.296976561807284,45.82903484348211,-2.0887990281615565,1.9652919814330922,31.037491141122377,-2.0,4.0,45.5,0.03011504537353206
15.829999999999707,-2.3896547046180334,4.296179530571076,45.828877018898986,-2.088511012941197,1.9648904484925827,31.03723374449219,-2.0,4.0,45.5,0.030444366120146057
15.839999999999707,-2.389083707773322,4.295396447697626,45.82871736504949,-2.088222993234954,1.9644948643967446,31.036977170835076,-2.0,4.0,45.5,0.030459799883247936
15.849999999999707,-2.3885140684720114,4.29462726872151,45.828555730635244,-2.0879351044132832,1.9641050626654248,31.036721349007188,-2.0,4.0,45.5,0.03050040166752118
15.859999999999706,-2.3879459037510244,4.293872439093973,45.82839196200914,-2.087647350375942,1.9637212502504386,31.036466195171847,-2.0,4.0,45.5,0.030517471520769383
15.869999999999706,-2.387403613932756,4.293083254826675,45.82823210632598,-2.0873705884445712,1.963323216502467,31.036213184845185,-2.0,4.0,45.5,0.022601010794676777
15.879999999999706,-2.386868178008445,4.292262624533941,45.828073462172334,-2.0870988474018617,1.9629015832494972,31.035962343440854,-2.0,4.0,45.5,0.023365679955237032
15.889999999999706,-2.3863267437064195,4.2914363776073765,45.82791495885798,-2.0868236959066664,1.962475698832323,31.03571294585219,-2.0,4.0,45.5,0.023739872250804577
15.899999999999705,-2.385785985690787,4.290614229059507,45.82775516013167,-2.0865484124053033,1.9620504438221502,31.035464360883047,-2.0,4.0,45.5,0.023836738213776836
15.909999999999705,-2.385248085372399,4.289797620631739,45.82759385520658,-2.0862739751959762,1.9616268494776552,31.035216411054478,-2.0,4.0,45.5,0.023772059789350063
15.919999999999705,-2.3847127084811595,4.288986608380777,45.827431081334026,-2.086000122319596,1.9612052422124968,31.034969035254598,-2.0,4.0,45.5,0.023727655576224936
15.929999999999705,-2.3841764131122085,4.288179716903489,45.827267119662345,-2.0857250736000346,1.9607849502973274,31.034722308431515,-2.0,4.0,45.5,0.02375930322607283
15.939999999999705,-2.383616047107399,4.287436394487293,45.82709400239394,-2.0854392662745163,1.9603901743647363,31.034474092024464,-2.0,4.0,45.5,0.029915536251827825
15.949999999999704,-2.3830556792653326,4.286705787203126,45.82692046613599,-2.0851504209908356,1.9600082919797086,31.034226151845026,-2.0,4.0,45.5,0.03115040776078722
15.959999999999704,-2.3824976614787494,4.286003946706915,45.82674306046532,-2.084861385322089,1.9596420756149886,31.033977593469604,-2.0,4.0,45.5,0.030788743393401173
15.969999999999704,-2.381941699208241,4.2853171983550205,45.82656263496743,-2.0845729302498945,1.9592818797085307,31.033728868048705,-2.0,4.0,45.5,0.030878820285345984
15.979999999999704,-2.381387905963585,4.284645855893279,45.82637920181274,-2.084284975643975,1.9589282850837049,31.03347990371673,-2.0,4.0,45.5,0.03090192962823883
15.989999999999704,-2.380836359165251,4.283988924130835,45.82619280191467,-2.083997583763413,1.9585807330964595,31.033230673171083,-2.0,4.0,45.5,0.030936816573805294
15.999999999999703,-2.380287130682125,4.2833462904987165,45.82600341803683,-2.0837107571673843,1.9582392816106982,31.032981116605733,-2.0,4.0,45.5,0.030954699104261338
16.009999999999703,-2.379773714431285,4.282660350715176,45.825817856797876,-2.083439818907088,1.9578787950669945,31.03273288113123,-2.0,4.0,45.5,0.022833779025425965
16.019999999999705,-2.379248373419287,4.281932951504036,45.82563441420698,-2.083164872985108,1.9574892564912538,31.03248667196936,-2.0,4.0,45.5,0.025194177661382666
16.029999999999706,-2.37872455919905,4.281209782852672,45.82544887962536,-2.0828903965804066,1.9570998791250158,31.03224036006573,-2.0,4.0,45.5,0.02508551500278116
16.039999999999708,-2.378204106136725,4.280491508294335,45.825261349637955,-2.08261702812775,1.956711866710315,31.031993829793198,-2.0,4.0,45.5,0.024538285084403755
16.04999999999971,-2.3776881008905795,4.2797787526650355,45.82507182900754,-2.082345180357756,1.956325921412196,31.031746979464874,-2.0,4.0,45.5,0.024297724646003136
16.05999999999971,-2.377175418854624,4.279071057698221,45.82488042949959,-2.082074290643348,1.955941846650202,31.031499798874496,-2.0,4.0,45.5,0.02420927452850513
16.069999999999713,-2.376662858612147,4.278367058401838,45.824687458974296,-2.08180274774044,1.9555590645116503,31.031252366947967,-2.0,4.0,45.5,0.024210788940294773
16.079999999999714,-2.376145356843275,4.277664074944357,45.82449395626406,-2.081527400145358,1.9551782592284646,31.03100490227063,-2.0,4.0,45.5,0.027742869777942214
16.089999999999716,-2.3756091089831752,4.2770396931411305,45.82428806543739,-2.0812450412962025,1.9548269509811966,31.030754220538903,-2.0,4.0,45.5,0.032953410447174925
16.099999999999717,-2.375075553259038,4.276444685806406,45.82408029946896,-2.080959872809224,1.9545003476737164,31.030502246133103,-2.0,4.0,45.5,0.03123104428650479
16.10999999999972,-2.3745446712717535,4.275863703620175,45.82386943235356,-2.080675631729516,1.9541792547849894,31.03024933675217,-2.0,4.0,45.5,0.03131894037660875
16.11999999999972,-2.374016624203542,4.275297575039557,45.823655455553435,-2.080392271331064,1.9538644884471634,31.029995426396887,-2.0,4.0,45.5,0.031342378263426826
16.129999999999722,-2.373491510071985,4.274745289725535,45.823438444688314,-2.0801098824629918,1.9535554394957217,31.02974051523835,-2.0,4.0,45.5,0.03138541177353725
16.139999999999723,-2.373001291285983,4.274153970094244,45.82322480269858,-2.0798429666480196,1.9532297101573022,31.029486119120765,-2.0,4.0,45.5,0.023227626035437002
16.149999999999725,-2.3725125804233786,4.27352268897192,45.82301286294325,-2.079578502025832,1.9528762245726057,31.02923277536214,-2.0,4.0,45.5,0.024322673048361977
16.159999999999727,-2.3720183893091655,4.272888970376516,45.82279980000462,-2.0793112615500853,1.9525191392818804,31.028979166881193,-2.0,4.0,45.5,0.02510516232882668
16.169999999999728,-2.3715283980678126,4.272259804815249,45.82258482984345,-2.0790456337990832,1.9521631625568503,31.028724777070057,-2.0,4.0,45.5,0.024838513351357883
16.17999999999973,-2.371042508841394,4.271635072201116,45.82236806196499,-2.0787814800111875,1.9518083527048518,31.0284695918304,-2.0,4.0,45.5,0.024688769372843686
16.18999999999973,-2.3705603292278017,4.271014827114962,45.82214965029509,-2.078518564829981,1.9514552799953737,31.02821359334256,-2.0,4.0,45.5,0.024602785302622894
16.199999999999733,-2.370078812516567,4.27039770316712,45.82192991095964,-2.078255332991784,1.9511032367342769,31.027956890279235,-2.0,4.0,45.5,0.02459561376145128
16.209999999999734,-2.3695706956473828,4.269847479571207,45.8217010062074,-2.0779796271731286,1.9507800230535857,31.02769735530838,-2.0,4.0,45.5,0.02924959576133756
16.219999999999736,-2.3690667053256385,4.269301138397763,45.82147112693867,-2.0777047401210034,1.950460013016846,31.027437008648775,-2.0,4.0,45.5,0.03264749122865881
16.229999999999738,-2.3685638800416218,4.268788179171553,45.82123842477911,-2.0774272943530256,1.950163840520792,31.02717480938359,-2.0,4.0,45.5,0.0313660858329393
16.23999999999974,-2.368064257943831,4.268289448702915,45.82100240335471,-2.077151662871781,1.9498716350263425,31.02691127587274,-2.0,4.0,45.5,0.031716630831202616
16.24999999999974,-2.367568023863301,4.267805701018654,45.82076350907273,-2.0768772907201156,1.9495857833808277,31.026646407063737,-2.0,4.0,45.5,0.031755025824242285
16.259999999999742,-2.3670752104004786,4.26733614744228,45.820521868057604,-2.0766041671129685,1.9493060087070582,31.026380228855277,-2.0,4.0,45.5,0.03177847899725805
16.269999999999744,-2.366585937013569,4.266879696737966,45.82027756837804,-2.076332408126003,1.9490316255612257,31.026112772792516,-2.0,4.0,45.5,0.03182802575401564
16.279999999999745,-2.366132905802598,4.266386535257359,45.820036634054496,-2.0760768700711267,1.9487417893036572,31.02584543849563,-2.0,4.0,45.5,0.023583623163248447
16.289999999999747,-2.36567757243429,4.265845759865602,45.819798357136456,-2.0758224967976595,1.9484189365561413,31.02557928270101,-2.0,4.0,45.5,0.025410710211964668
16.29999999999975,-2.365221891646658,4.2653065519418885,45.819558597530225,-2.075568042982564,1.9480943337648622,31.02531236296469,-2.0,4.0,45.5,0.030662826213328467
16.30999999999975,-2.364769087227887,4.264770089187414,45.819317901917415,-2.075314201916978,1.9477713782710335,31.02504460905804,-2.0,4.0,45.5,0.02572687004681658
16.31999999999975,-2.3643217873774756,4.264237811245317,45.81907587917572,-2.0750625030956584,1.947450102528327,31.02477588462507,-2.0,4.0,45.5,0.025214285483452253
16.329999999999753,-2.3638794637748393,4.2637095254437565,45.81883259734999,-2.074812714487767,1.9471303514303817,31.02450620726022,-2.0,4.0,45.5,0.025041561195676885
16.339999999999755,-2.363438594279062,4.263183455397478,45.81858845183819,-2.0745630693947525,1.9468113526924582,31.024235733903502,-2.0,4.0,45.5,0.025002384781934905
16.349999999999756,-2.362970048582518,4.262718558015849,45.81833607728878,-2.074300703154229,1.9465178642845924,31.023962589440668,-2.0,4.0,45.5,0.029732663766178734
16.359999999999758,-2.3625046532124863,4.2622613420448365,45.81808344260078,-2.0740378083680753,1.9462325204361783,31.023688491468327,-2.0,4.0,45.5,0.032739459241769804
16.36999999999976,-2.3620421650700614,4.261832915646516,45.81782806342931,-2.0737742562238815,1.9459659131005562,31.02341258324792,-2.0,4.0,45.5,0.031925372431373306
16.37999999999976,-2.361583478132139,4.261418800923092,45.81756991597391,-2.0735126336515997,1.945704284501634,31.02313531225152,-2.0,4.0,45.5,0.03214298597174724
16.389999999999763,-2.3611287269166588,4.261019235013391,45.8173092942698,-2.073252617130038,1.9454489785120228,31.022856701052792,-2.0,4.0,45.5,0.03217233002379502
16.399999999999764,-2.360677974224044,4.260633234392326,45.817046307291996,-2.072994250617583,1.945199503469747,31.022576796785614,-2.0,4.0,45.5,0.03220608557222796
16.409999999999766,-2.36023134881875,4.260260634982847,45.81678097406314,-2.0727375921829037,1.944955833356783,31.022295612107364,-2.0,4.0,45.5,0.03223458556725477
16.419999999999767,-2.3597889469792976,4.259901032887037,45.8165133333245,-2.0724826911258774,1.94471780247037,31.02201316938922,-2.0,4.0,45.5,0.03226114206493321
16.42999999999977,-2.3593854202372975,4.25950095784827,45.81624946291042,-2.0722457398894325,1.944461592324115,31.02173096303922,-2.0,4.0,45.5,0.024107696390460946
16.43999999999977,-2.3589780962708473,4.259059046988123,45.815987350746376,-2.072009982074952,1.9441734027645818,31.021449735088208,-2.0,4.0,45.5,0.03355904155469103
16.449999999999772,-2.358571758831039,4.258618132210773,45.815724479360135,-2.0717743932623907,1.9438849250664276,31.021167833196888,-2.0,4.0,45.5,0.03364776359515097
16.459999999999773,-2.35816680657961,4.2581769367108135,45.81546127167197,-2.071538873359685,1.9435964930675098,31.020885323046162,-2.0,4.0,45.5,0.031716732026098815
16.469999999999775,-2.357770872877363,4.2577409226046665,45.81519716264941,-2.0713068333581686,1.9433119474902445,31.020601836541886,-2.0,4.0,45.5,0.025675864105734317
16.479999999999777,-2.3573797070094167,4.257307550097043,45.81493227735649,-2.0710766010050534,1.943028763422772,31.020317553419794,-2.0,4.0,45.5,0.02544026399203606
16.489999999999778,-2.3569845146625825,4.256871069991741,45.81466808172544,-2.0708432541990796,1.9427458869217324,31.020032954822984,-2.0,4.0,45.5,0.02736515746127539
16.49999999999978,-2.356566540402819,4.256505675165236,45.814393806999504,-2.070600570786649,1.9424910006028515,31.019745212734257,-2.0,4.0,45.5,0.03403505485731659
